{
"type": "FeatureCollection",
"name": "Estaciones_Troncales_de_TRANSMILENIO",
"crs": { "type": "name", "properties": { "name": "urn:ogc:def:crs:OGC:1.3:CRS84" } },
"features": [
{"type":"Feature","properties":{"observ":"Valores de capacidad de buses en proceso de actualización","longitud":-74.07457455,"latitud":4.66635264,"objectid":624,"num_est":"07103","nom_est":"AV. Chile","id_trazado":"TZ008","long_est":173.64,"ancho_est":4.0,"area_est":694.56,"esta_oper":1,"eta_oper":1,"tipo_esta":4,"ub_est":"KR 30 - CL 72","num_acc":2,"acc_esp":0,"acc_depr":0,"acc_puent":2,"cod_nodo":7103,"cap_biart":120,"num_vag":3,"cap_art":224,"globalid":"{88CDEE8D-FC67-43E6-B91B-1385BB3BD488}","created_user":null,"created_date":null,"last_edited_user":null,"last_edited_date":null},"geometry":{"type":"Point","coordinates":[-74.074574552882979,4.666352641436107]}},
{"type":"Feature","properties":{"observ":"Valores de capacidad de buses en proceso de actualización","longitud":-74.09904645,"latitud":4.64687639,"objectid":625,"num_est":"06103","nom_est":"CAN","id_trazado":"TZ016","long_est":96.48,"ancho_est":3.0,"area_est":289.44,"esta_oper":1,"eta_oper":1,"tipo_esta":4,"ub_est":"KR 60","num_acc":1,"acc_esp":0,"acc_depr":0,"acc_puent":1,"cod_nodo":6103,"cap_biart":120,"num_vag":2,"cap_art":140,"globalid":"{D7AC3687-AAC2-4153-801B-6DB705329D88}","created_user":null,"created_date":null,"last_edited_user":null,"last_edited_date":null},"geometry":{"type":"Point","coordinates":[-74.099046451348769,4.646876393808474]}},
{"type":"Feature","properties":{"observ":"Valores de capacidad de buses en proceso de actualización","longitud":-74.07871009,"latitud":4.64539756,"objectid":626,"num_est":"07106","nom_est":"Campín - UAN","id_trazado":"TZ008","long_est":122.82,"ancho_est":4.0,"area_est":491.28,"esta_oper":1,"eta_oper":1,"tipo_esta":4,"ub_est":"KR 30 - CL 53","num_acc":2,"acc_esp":0,"acc_depr":0,"acc_puent":2,"cod_nodo":7106,"cap_biart":120,"num_vag":2,"cap_art":152,"globalid":"{992C8526-1970-4933-9EB9-826D966F6999}","created_user":null,"created_date":null,"last_edited_user":null,"last_edited_date":null},"geometry":{"type":"Point","coordinates":[-74.078710091455562,4.645397563881436]}},
{"type":"Feature","properties":{"observ":"Valores de capacidad de buses en proceso de actualización","longitud":-74.07150007,"latitud":4.61089909,"objectid":627,"num_est":"10008","nom_est":"San Diego","id_trazado":"TZ018","long_est":348.09,"ancho_est":4.0,"area_est":1392.36,"esta_oper":1,"eta_oper":1,"tipo_esta":4,"ub_est":"KR 10 - CL 23","num_acc":2,"acc_esp":1,"acc_depr":1,"acc_puent":0,"cod_nodo":10008,"cap_biart":144,"num_vag":2,"cap_art":144,"globalid":"{667C3BFD-2FBE-40E7-AC18-8D327C4F17DF}","created_user":null,"created_date":null,"last_edited_user":null,"last_edited_date":null},"geometry":{"type":"Point","coordinates":[-74.071500074349373,4.610899086160519]}},
{"type":"Feature","properties":{"observ":"Valores de capacidad de buses en proceso de actualización","longitud":-74.09601773,"latitud":4.69915096,"objectid":628,"num_est":"04100","nom_est":"Granja - Kr 77","id_trazado":"TZ005","long_est":385.0,"ancho_est":4.0,"area_est":1540.0,"esta_oper":1,"eta_oper":1,"tipo_esta":2,"ub_est":"KR 77 Bis","num_acc":2,"acc_esp":1,"acc_depr":0,"acc_puent":1,"cod_nodo":4100,"cap_biart":144,"num_vag":4,"cap_art":248,"globalid":"{5BB6ECCC-FCBC-474C-8399-84E490AC3502}","created_user":null,"created_date":null,"last_edited_user":null,"last_edited_date":null},"geometry":{"type":"Point","coordinates":[-74.096017732776033,4.699150963155722]}},
{"type":"Feature","properties":{"observ":"Valores de capacidad de buses en proceso de actualización","longitud":-74.09386595000001,"latitud":4.61168378,"objectid":629,"num_est":"07111","nom_est":"Ricaurte - NQS","id_trazado":"TZ008","long_est":187.96,"ancho_est":5.3,"area_est":996.188,"esta_oper":1,"eta_oper":1,"tipo_esta":3,"ub_est":"KR 30 - CL 10","num_acc":2,"acc_esp":0,"acc_depr":1,"acc_puent":1,"cod_nodo":7111,"cap_biart":168,"num_vag":3,"cap_art":224,"globalid":"{8FC1BA98-09F5-478D-B152-48EB7A49A72E}","created_user":null,"created_date":null,"last_edited_user":null,"last_edited_date":null},"geometry":{"type":"Point","coordinates":[-74.093865949423375,4.611683784449027]}},
{"type":"Feature","properties":{"observ":"Valores de capacidad de buses en proceso de actualización","longitud":-74.10873932,"latitud":4.70672525,"objectid":630,"num_est":"04001","nom_est":"Quirigua","id_trazado":"TZ005","long_est":45.75,"ancho_est":4.0,"area_est":183.0,"esta_oper":1,"eta_oper":1,"tipo_esta":4,"ub_est":"KR 94","num_acc":1,"acc_esp":0,"acc_depr":0,"acc_puent":1,"cod_nodo":4001,"cap_biart":72,"num_vag":1,"cap_art":80,"globalid":"{0DBE9B89-0FC6-4373-9E62-1C9AA2EE2D5B}","created_user":null,"created_date":null,"last_edited_user":null,"last_edited_date":null},"geometry":{"type":"Point","coordinates":[-74.108739323238638,4.706725245152247]}},
{"type":"Feature","properties":{"observ":"Valores de capacidad de buses en proceso de actualización","longitud":-74.064442840000012,"latitud":4.68696834,"objectid":631,"num_est":"03011","nom_est":"Suba - Calle 100","id_trazado":"TZ003","long_est":89.39,"ancho_est":4.0,"area_est":357.56,"esta_oper":1,"eta_oper":1,"tipo_esta":4,"ub_est":"AV Suba - CL 100","num_acc":1,"acc_esp":1,"acc_depr":0,"acc_puent":0,"cod_nodo":3011,"cap_biart":144,"num_vag":2,"cap_art":160,"globalid":"{022C923E-4BDF-4C7E-84D1-8C56488B9B3A}","created_user":null,"created_date":null,"last_edited_user":"editorInfraSTS","last_edited_date":"2026-06-25T15:52:01Z"},"geometry":{"type":"Point","coordinates":[-74.064304819052779,4.686664075105651]}},
{"type":"Feature","properties":{"observ":"Valores de capacidad de buses en proceso de actualización","longitud":-74.071304919999989,"latitud":4.67015101,"objectid":632,"num_est":"07102","nom_est":"Calle 75 - Zona M","id_trazado":"TZ008","long_est":115.81,"ancho_est":4.0,"area_est":463.24,"esta_oper":1,"eta_oper":1,"tipo_esta":4,"ub_est":"KR 30 - CL 75A","num_acc":1,"acc_esp":0,"acc_depr":0,"acc_puent":1,"cod_nodo":7102,"cap_biart":120,"num_vag":2,"cap_art":152,"globalid":"{9DEDF7C6-6E14-49C4-9F40-C2FEFA46DC97}","created_user":null,"created_date":null,"last_edited_user":null,"last_edited_date":null},"geometry":{"type":"Point","coordinates":[-74.071304915066875,4.670151012299509]}},
{"type":"Feature","properties":{"observ":"Valores de capacidad de buses en proceso de actualización","longitud":-74.08713194000001,"latitud":4.69393268,"objectid":633,"num_est":"04102","nom_est":"AV. Boyacá","id_trazado":"TZ005","long_est":168.15,"ancho_est":4.0,"area_est":672.6,"esta_oper":1,"eta_oper":1,"tipo_esta":4,"ub_est":"TV 69 Bis","num_acc":1,"acc_esp":0,"acc_depr":0,"acc_puent":1,"cod_nodo":4102,"cap_biart":144,"num_vag":2,"cap_art":160,"globalid":"{F8FF211B-E374-411B-9560-47076FCA6CA6}","created_user":null,"created_date":null,"last_edited_user":"editorInfraSTS","last_edited_date":"2026-06-25T15:47:17Z"},"geometry":{"type":"Point","coordinates":[-74.086753717608545,4.693553929576481]}},
{"type":"Feature","properties":{"observ":"Valores de capacidad de buses en proceso de actualización","longitud":-74.12007924000001,"latitud":4.57579415,"objectid":634,"num_est":"09100","nom_est":"Calle 40 Sur","id_trazado":"TZ012","long_est":179.92,"ancho_est":4.0,"area_est":719.68,"esta_oper":1,"eta_oper":1,"tipo_esta":2,"ub_est":"CL 38 Sur - CL 40 Sur","num_acc":2,"acc_esp":2,"acc_depr":0,"acc_puent":0,"cod_nodo":9100,"cap_biart":168,"num_vag":3,"cap_art":224,"globalid":"{E51B4CD7-37E8-426A-BD1A-77F3CA508E05}","created_user":null,"created_date":null,"last_edited_user":null,"last_edited_date":null},"geometry":{"type":"Point","coordinates":[-74.12007924002512,4.575794151709622]}},
{"type":"Feature","properties":{"observ":"Valores de capacidad de buses en proceso de actualización","longitud":-74.13422457,"latitud":4.6301178,"objectid":635,"num_est":"05102","nom_est":"AV. Américas - AV. Boyacá","id_trazado":"TZ009","long_est":115.715,"ancho_est":3.0,"area_est":347.145,"esta_oper":1,"eta_oper":1,"tipo_esta":4,"ub_est":"AV Americas - KR 71","num_acc":1,"acc_esp":0,"acc_depr":0,"acc_puent":1,"cod_nodo":5102,"cap_biart":120,"num_vag":2,"cap_art":152,"globalid":"{C635CA0E-E31A-43A4-8E97-328E02869404}","created_user":null,"created_date":null,"last_edited_user":null,"last_edited_date":null},"geometry":{"type":"Point","coordinates":[-74.134224570702074,4.630117798427176]}},
{"type":"Feature","properties":{"observ":"Valores de capacidad de buses en proceso de actualización","longitud":-74.13016385,"latitud":4.62967723,"objectid":636,"num_est":"05103","nom_est":"Marsella","id_trazado":"TZ009","long_est":173.715,"ancho_est":3.0,"area_est":521.145,"esta_oper":1,"eta_oper":1,"tipo_esta":4,"ub_est":"AV Americas - KR 69C","num_acc":1,"acc_esp":0,"acc_depr":0,"acc_puent":1,"cod_nodo":5103,"cap_biart":120,"num_vag":3,"cap_art":200,"globalid":"{0A92923C-6E4D-4A63-B02C-EFFD93D625A2}","created_user":null,"created_date":null,"last_edited_user":null,"last_edited_date":null},"geometry":{"type":"Point","coordinates":[-74.130163846324749,4.629677230521839]}},
{"type":"Feature","properties":{"observ":"Valores de capacidad de buses en proceso de actualización","longitud":-74.0723072,"latitud":4.71200123,"objectid":637,"num_est":"03006","nom_est":"Niza - Calle 127","id_trazado":"TZ003","long_est":93.56,"ancho_est":4.0,"area_est":374.24,"esta_oper":1,"eta_oper":1,"tipo_esta":4,"ub_est":"AV Suba - CL 127","num_acc":2,"acc_esp":2,"acc_depr":0,"acc_puent":0,"cod_nodo":3006,"cap_biart":72,"num_vag":2,"cap_art":128,"globalid":"{B9E9D4D2-B0A5-4D76-AD3F-BF9CC7E06A53}","created_user":null,"created_date":null,"last_edited_user":null,"last_edited_date":null},"geometry":{"type":"Point","coordinates":[-74.072307197844438,4.712001231323956]}},
{"type":"Feature","properties":{"observ":"Valores de capacidad de buses en proceso de actualización","longitud":-74.09120046,"latitud":4.74265433,"objectid":638,"num_est":"03001","nom_est":"La Campiña","id_trazado":"TZ003","long_est":89.31,"ancho_est":4.0,"area_est":357.24,"esta_oper":1,"eta_oper":1,"tipo_esta":4,"ub_est":"AV Suba - KR 98A","num_acc":1,"acc_esp":1,"acc_depr":0,"acc_puent":0,"cod_nodo":3001,"cap_biart":144,"num_vag":3,"cap_art":208,"globalid":"{B7B2885F-F715-4588-9D42-7AEE4261FDA7}","created_user":null,"created_date":null,"last_edited_user":"editorInfraSTS","last_edited_date":"2026-06-25T15:53:49Z"},"geometry":{"type":"Point","coordinates":[-74.091506049898598,4.742916929058509]}},
{"type":"Feature","properties":{"observ":"Valores de capacidad de buses en proceso de actualización","longitud":-74.15206784,"latitud":4.63419465,"objectid":639,"num_est":"05005","nom_est":"Transversal 86","id_trazado":"TZ009","long_est":115.71,"ancho_est":3.0,"area_est":347.13,"esta_oper":1,"eta_oper":1,"tipo_esta":4,"ub_est":"AV Americas - TV 86","num_acc":1,"acc_esp":0,"acc_depr":0,"acc_puent":1,"cod_nodo":5005,"cap_biart":96,"num_vag":2,"cap_art":144,"globalid":"{9CAA719F-5ECC-4668-BAD9-3CBE2C54262C}","created_user":null,"created_date":null,"last_edited_user":null,"last_edited_date":null},"geometry":{"type":"Point","coordinates":[-74.152067836209625,4.634194653572966]}},
{"type":"Feature","properties":{"observ":"Valores de capacidad de buses en proceso de actualización","longitud":-74.08970085,"latitud":4.63430649,"objectid":640,"num_est":"06106","nom_est":"Corferias","id_trazado":"TZ016","long_est":106.07,"ancho_est":4.0,"area_est":424.28,"esta_oper":1,"eta_oper":1,"tipo_esta":4,"ub_est":"KR 43","num_acc":1,"acc_esp":1,"acc_depr":0,"acc_puent":0,"cod_nodo":6106,"cap_biart":120,"num_vag":2,"cap_art":132,"globalid":"{08B982AB-D3FA-4832-A51B-977A425F62B6}","created_user":null,"created_date":null,"last_edited_user":"editorInfraSTS","last_edited_date":"2026-06-25T15:50:23Z"},"geometry":{"type":"Point","coordinates":[-74.089940442104179,4.634395531732532]}},
{"type":"Feature","properties":{"observ":"Valores de capacidad de buses en proceso de actualización","longitud":-74.09493313,"latitud":4.60417101,"objectid":641,"num_est":"07201","nom_est":"Guatoque - Veraguas","id_trazado":"TZ007","long_est":103.8,"ancho_est":4.0,"area_est":415.2,"esta_oper":1,"eta_oper":1,"tipo_esta":4,"ub_est":"KR 27","num_acc":1,"acc_esp":1,"acc_depr":0,"acc_puent":0,"cod_nodo":7201,"cap_biart":108,"num_vag":2,"cap_art":132,"globalid":"{08CAFCD0-4C31-4887-BB5D-54547C852B95}","created_user":null,"created_date":null,"last_edited_user":"editorInfraSTS","last_edited_date":"2026-06-25T15:38:29Z"},"geometry":{"type":"Point","coordinates":[-74.094749589700001,4.604034291395541]}},
{"type":"Feature","properties":{"observ":"Valores de capacidad de buses en proceso de actualización","longitud":-74.093949540000011,"latitud":4.61613616,"objectid":642,"num_est":"12002","nom_est":"CDS - Carrera 32","id_trazado":"TZ009","long_est":96.43,"ancho_est":4.0,"area_est":385.72,"esta_oper":1,"eta_oper":1,"tipo_esta":4,"ub_est":"AV Americas - KR 32","num_acc":2,"acc_esp":2,"acc_depr":0,"acc_puent":0,"cod_nodo":12002,"cap_biart":48,"num_vag":2,"cap_art":120,"globalid":"{598F45A6-20BC-49D5-9AFA-FDA33E286C0F}","created_user":null,"created_date":null,"last_edited_user":null,"last_edited_date":null},"geometry":{"type":"Point","coordinates":[-74.093949540264461,4.616136161567741]}},
{"type":"Feature","properties":{"observ":"Valores de capacidad de buses en proceso de actualización","longitud":-74.08352723,"latitud":4.63087543,"objectid":643,"num_est":"06107","nom_est":"Ciudad Universitaria - Lotería de Bogotá","id_trazado":"TZ016","long_est":130.67,"ancho_est":4.0,"area_est":522.68,"esta_oper":1,"eta_oper":1,"tipo_esta":4,"ub_est":"KR 34","num_acc":2,"acc_esp":1,"acc_depr":0,"acc_puent":1,"cod_nodo":6107,"cap_biart":120,"num_vag":2,"cap_art":140,"globalid":"{5BA38104-1E28-430E-975D-0B2A26C91386}","created_user":null,"created_date":null,"last_edited_user":null,"last_edited_date":null},"geometry":{"type":"Point","coordinates":[-74.083527234990655,4.630875429616791]}},
{"type":"Feature","properties":{"observ":"Valores de capacidad de buses en proceso de actualización","longitud":-74.07932618000001,"latitud":4.63712105,"objectid":644,"num_est":"07107","nom_est":"Universidad Nacional","id_trazado":"TZ008","long_est":188.03,"ancho_est":4.43333333,"area_est":833.59966667000003,"esta_oper":1,"eta_oper":1,"tipo_esta":4,"ub_est":"KR 30 - CL 45","num_acc":2,"acc_esp":0,"acc_depr":0,"acc_puent":2,"cod_nodo":7107,"cap_biart":180,"num_vag":3,"cap_art":232,"globalid":"{259767FC-4DE6-4B34-9971-D97CB3DAF813}","created_user":null,"created_date":null,"last_edited_user":null,"last_edited_date":null},"geometry":{"type":"Point","coordinates":[-74.079326179806472,4.63712104779828]}},
{"type":"Feature","properties":{"observ":"Valores de capacidad de buses en proceso de actualización","longitud":-74.108772,"latitud":4.66194444,"objectid":645,"num_est":"06100","nom_est":"Avenida Rojas - UNISALESIANA","id_trazado":"TZ016","long_est":177.17,"ancho_est":3.0,"area_est":531.51,"esta_oper":1,"eta_oper":1,"tipo_esta":4,"ub_est":"CL 26 - KR 69 D","num_acc":1,"acc_esp":0,"acc_depr":0,"acc_puent":1,"cod_nodo":6100,"cap_biart":120,"num_vag":3,"cap_art":200,"globalid":"{A0F3EA8E-C638-4AD7-8B63-19A8864839FB}","created_user":null,"created_date":null,"last_edited_user":null,"last_edited_date":null},"geometry":{"type":"Point","coordinates":[-74.108771998701272,4.661944439127925]}},
{"type":"Feature","properties":{"observ":"Valores de capacidad de buses en proceso de actualización","longitud":-74.08383625,"latitud":4.59813501,"objectid":646,"num_est":"09109","nom_est":"Tercer Milenio","id_trazado":"TZ001","long_est":184.0,"ancho_est":3.5,"area_est":644.0,"esta_oper":1,"eta_oper":3,"tipo_esta":4,"ub_est":"CL 8 - CL 6","num_acc":2,"acc_esp":2,"acc_depr":0,"acc_puent":0,"cod_nodo":9109,"cap_biart":120,"num_vag":3,"cap_art":200,"globalid":"{31D21176-1221-41E2-A9F2-17AEBB9B8EFB}","created_user":null,"created_date":null,"last_edited_user":null,"last_edited_date":null},"geometry":{"type":"Point","coordinates":[-74.083836250751133,4.598135008352739]}},
{"type":"Feature","properties":{"observ":"Valores de capacidad de buses en proceso de actualización","longitud":-74.08028966000001,"latitud":4.62598737,"objectid":647,"num_est":"06108","nom_est":"Concejo de Bogotá","id_trazado":"TZ016","long_est":122.88,"ancho_est":4.0,"area_est":491.52,"esta_oper":1,"eta_oper":1,"tipo_esta":4,"ub_est":"CL 38","num_acc":1,"acc_esp":1,"acc_depr":0,"acc_puent":0,"cod_nodo":6108,"cap_biart":120,"num_vag":2,"cap_art":140,"globalid":"{3A6E594B-CC87-4005-BEBD-7C9EAE6BC2EA}","created_user":null,"created_date":null,"last_edited_user":null,"last_edited_date":null},"geometry":{"type":"Point","coordinates":[-74.08028965895312,4.625987365683597]}},
{"type":"Feature","properties":{"observ":"Valores de capacidad de buses en proceso de actualización","longitud":-74.12375508,"latitud":4.59380944,"objectid":648,"num_est":"07007","nom_est":"Cl38A sur - CENTRO MAYOR","id_trazado":"TZ010","long_est":153.95,"ancho_est":4.0,"area_est":615.8,"esta_oper":1,"eta_oper":1,"tipo_esta":4,"ub_est":"Autosur - KR 39A","num_acc":1,"acc_esp":0,"acc_depr":0,"acc_puent":1,"cod_nodo":7007,"cap_biart":72,"num_vag":2,"cap_art":140,"globalid":"{2290C749-E58E-4AAC-8A0B-0C9127ED60AE}","created_user":null,"created_date":null,"last_edited_user":"editorTroncal","last_edited_date":"2026-06-05T19:31:30Z"},"geometry":{"type":"Point","coordinates":[-74.123755076579002,4.593809438726154]}},
{"type":"Feature","properties":{"observ":"Valores de capacidad de buses en proceso de actualización","longitud":-74.07768646000001,"latitud":4.65729528,"objectid":649,"num_est":"07104","nom_est":"7 de Agosto","id_trazado":"TZ008","long_est":123.23,"ancho_est":4.0,"area_est":492.92,"esta_oper":1,"eta_oper":1,"tipo_esta":4,"ub_est":"KR 30 - CL 63","num_acc":1,"acc_esp":0,"acc_depr":0,"acc_puent":1,"cod_nodo":7104,"cap_biart":120,"num_vag":2,"cap_art":140,"globalid":"{93BA0224-1276-4F2F-A308-DD35C17075EA}","created_user":null,"created_date":null,"last_edited_user":null,"last_edited_date":null},"geometry":{"type":"Point","coordinates":[-74.077686459411382,4.657295279916713]}},
{"type":"Feature","properties":{"observ":"Valores de capacidad de buses en proceso de actualización","longitud":-74.080768959999986,"latitud":4.68610088,"objectid":650,"num_est":"04104","nom_est":"AV. 68","id_trazado":"TZ005","long_est":144.0,"ancho_est":4.0,"area_est":576.0,"esta_oper":1,"eta_oper":1,"tipo_esta":4,"ub_est":"KR 68D","num_acc":1,"acc_esp":0,"acc_depr":0,"acc_puent":1,"cod_nodo":4104,"cap_biart":144,"num_vag":2,"cap_art":152,"globalid":"{4EE92D50-A4EF-4F07-B528-F45164CC5EDF}","created_user":null,"created_date":null,"last_edited_user":null,"last_edited_date":null},"geometry":{"type":"Point","coordinates":[-74.08076896014731,4.686100882846748]}},
{"type":"Feature","properties":{"observ":"Valores de capacidad de buses en proceso de actualización","longitud":-74.11158411000001,"latitud":4.62785005,"objectid":651,"num_est":"05107","nom_est":"Distrito Grafiti","id_trazado":"TZ009","long_est":115.715,"ancho_est":3.0,"area_est":347.145,"esta_oper":1,"eta_oper":1,"tipo_esta":4,"ub_est":"Americas - KR 53A","num_acc":1,"acc_esp":0,"acc_depr":0,"acc_puent":1,"cod_nodo":5107,"cap_biart":120,"num_vag":2,"cap_art":152,"globalid":"{E3B652CB-C75E-4D38-A421-42F86EBEE171}","created_user":null,"created_date":null,"last_edited_user":null,"last_edited_date":null},"geometry":{"type":"Point","coordinates":[-74.111584106800223,4.627850045092682]}},
{"type":"Feature","properties":{"observ":"Valores de capacidad de buses en proceso de actualización","longitud":-74.06433866,"latitud":4.67016265,"objectid":652,"num_est":"04108","nom_est":"Polo - FINCOMERCIO","id_trazado":"TZ005","long_est":220.0,"ancho_est":4.0,"area_est":880.0,"esta_oper":1,"eta_oper":1,"tipo_esta":4,"ub_est":"TV 27","num_acc":1,"acc_esp":0,"acc_depr":0,"acc_puent":1,"cod_nodo":4108,"cap_biart":168,"num_vag":3,"cap_art":192,"globalid":"{FFD89458-4A42-48A5-A015-BC2A8A44445B}","created_user":null,"created_date":null,"last_edited_user":null,"last_edited_date":null},"geometry":{"type":"Point","coordinates":[-74.06433866057165,4.670162650409122]}},
{"type":"Feature","properties":{"observ":"Valores de capacidad de buses en proceso de actualización","longitud":-74.08876139,"latitud":4.5997872,"objectid":653,"num_est":"07200","nom_est":"Tygua - San José","id_trazado":"TZ007","long_est":121.67,"ancho_est":4.0,"area_est":486.68,"esta_oper":1,"eta_oper":1,"tipo_esta":4,"ub_est":"KR 18","num_acc":2,"acc_esp":2,"acc_depr":0,"acc_puent":0,"cod_nodo":7200,"cap_biart":96,"num_vag":2,"cap_art":132,"globalid":"{5BE7C3B8-DAB4-48C5-9735-1BC75AFEFF70}","created_user":null,"created_date":null,"last_edited_user":null,"last_edited_date":null},"geometry":{"type":"Point","coordinates":[-74.088761391037792,4.599787201672794]}},
{"type":"Feature","properties":{"observ":"Valores de capacidad de buses en proceso de actualización","longitud":-74.09313226,"latitud":4.63750353,"objectid":654,"num_est":"06105","nom_est":"Quinta Paredes","id_trazado":"TZ016","long_est":96.49,"ancho_est":3.0,"area_est":289.47,"esta_oper":1,"eta_oper":1,"tipo_esta":4,"ub_est":"KR 47","num_acc":1,"acc_esp":0,"acc_depr":0,"acc_puent":1,"cod_nodo":6105,"cap_biart":120,"num_vag":2,"cap_art":140,"globalid":"{2F1D2C49-88FE-4C4C-A524-365F4CA41A47}","created_user":null,"created_date":null,"last_edited_user":null,"last_edited_date":null},"geometry":{"type":"Point","coordinates":[-74.093132263195514,4.637503527999294]}},
{"type":"Feature","properties":{"observ":"Valores de capacidad de buses en proceso de actualización","longitud":-74.10164882000001,"latitud":4.65086482,"objectid":655,"num_est":"06102","nom_est":"Salitre - El Greco","id_trazado":"TZ016","long_est":96.48,"ancho_est":3.0,"area_est":289.44,"esta_oper":1,"eta_oper":1,"tipo_esta":4,"ub_est":"KR 66","num_acc":1,"acc_esp":0,"acc_depr":0,"acc_puent":1,"cod_nodo":6102,"cap_biart":120,"num_vag":2,"cap_art":140,"globalid":"{FE69B635-951A-48F7-88CA-0ADB6D8B219F}","created_user":null,"created_date":null,"last_edited_user":"editorInfraSTS","last_edited_date":"2026-06-25T15:50:59Z"},"geometry":{"type":"Point","coordinates":[-74.10171935493257,4.650982052341222]}},
{"type":"Feature","properties":{"observ":"Valores de capacidad de buses en proceso de actualización","longitud":-74.09868611,"latitud":4.62032526,"objectid":656,"num_est":"12007","nom_est":"Zona Industrial","id_trazado":"TZ009","long_est":96.29,"ancho_est":4.0,"area_est":385.16,"esta_oper":1,"eta_oper":1,"tipo_esta":4,"ub_est":"CL 13 - KR 38","num_acc":2,"acc_esp":2,"acc_depr":0,"acc_puent":0,"cod_nodo":12007,"cap_biart":48,"num_vag":2,"cap_art":120,"globalid":"{358F0BE7-66C2-4538-91BA-4D29438DE5B6}","created_user":null,"created_date":null,"last_edited_user":null,"last_edited_date":null},"geometry":{"type":"Point","coordinates":[-74.098686107941646,4.620325258204576]}},
{"type":"Feature","properties":{"observ":"Valores de capacidad de buses en proceso de actualización","longitud":-74.19313531,"latitud":4.59217281,"objectid":657,"num_est":"07505","nom_est":"León XIII","id_trazado":"TZ011","long_est":89.5,"ancho_est":4.0,"area_est":358.0,"esta_oper":1,"eta_oper":1,"tipo_esta":4,"ub_est":"Soacha","num_acc":1,"acc_esp":0,"acc_depr":0,"acc_puent":1,"cod_nodo":7505,"cap_biart":72,"num_vag":2,"cap_art":152,"globalid":"{0A840F23-9FB9-45DF-AC3D-7219183BA657}","created_user":null,"created_date":null,"last_edited_user":null,"last_edited_date":null},"geometry":{"type":"Point","coordinates":[-74.193135313040074,4.592172811180285]}},
{"type":"Feature","properties":{"observ":"Valores de capacidad de buses en proceso de actualización","longitud":-74.08955344,"latitud":4.61692188,"objectid":658,"num_est":"07110","nom_est":"Paloquemao","id_trazado":"TZ008","long_est":122.85,"ancho_est":4.0,"area_est":491.4,"esta_oper":1,"eta_oper":1,"tipo_esta":4,"ub_est":"KR 30 - CL 19","num_acc":1,"acc_esp":0,"acc_depr":0,"acc_puent":1,"cod_nodo":7110,"cap_biart":120,"num_vag":2,"cap_art":152,"globalid":"{F0096745-676E-4006-8A1B-CF3393046C7F}","created_user":null,"created_date":null,"last_edited_user":null,"last_edited_date":null},"geometry":{"type":"Point","coordinates":[-74.089553444556003,4.616921876915299]}},
{"type":"Feature","properties":{"observ":"Valores de capacidad de buses en proceso de actualización","longitud":-74.10457027,"latitud":4.70466646,"objectid":659,"num_est":"04002","nom_est":"Carrera 90","id_trazado":"TZ005","long_est":142.15,"ancho_est":4.0,"area_est":568.6,"esta_oper":1,"eta_oper":1,"tipo_esta":4,"ub_est":"KR 90","num_acc":1,"acc_esp":0,"acc_depr":0,"acc_puent":1,"cod_nodo":4002,"cap_biart":144,"num_vag":2,"cap_art":160,"globalid":"{0DA9D43E-A47D-4E85-8AE6-CA90C0726D4B}","created_user":null,"created_date":null,"last_edited_user":"editorInfraSTS","last_edited_date":"2026-06-25T15:49:36Z"},"geometry":{"type":"Point","coordinates":[-74.105050234566306,4.70487199855203]}},
{"type":"Feature","properties":{"observ":"Valores de capacidad de buses en proceso de actualización","longitud":-74.09653771000001,"latitud":4.64283002,"objectid":660,"num_est":"06104","nom_est":"Gobernación","id_trazado":"TZ016","long_est":96.49,"ancho_est":3.0,"area_est":289.47,"esta_oper":1,"eta_oper":1,"tipo_esta":4,"ub_est":"KR 54","num_acc":1,"acc_esp":0,"acc_depr":0,"acc_puent":1,"cod_nodo":6104,"cap_biart":120,"num_vag":2,"cap_art":140,"globalid":"{6F82F433-1F3F-4BB9-A96F-D675112E624C}","created_user":null,"created_date":null,"last_edited_user":"editorInfraSTS","last_edited_date":"2026-06-25T15:50:42Z"},"geometry":{"type":"Point","coordinates":[-74.096652209381929,4.643012751042416]}},
{"type":"Feature","properties":{"observ":"Valores de capacidad de buses en proceso de actualización","longitud":-74.19952261,"latitud":4.5889627,"objectid":661,"num_est":"07504","nom_est":"Terreros - Hospital Cardio Vascular","id_trazado":"TZ011","long_est":89.5,"ancho_est":4.0,"area_est":358.0,"esta_oper":1,"eta_oper":1,"tipo_esta":4,"ub_est":"Soacha","num_acc":1,"acc_esp":0,"acc_depr":0,"acc_puent":1,"cod_nodo":7504,"cap_biart":144,"num_vag":3,"cap_art":212,"globalid":"{E58824EF-9651-4984-9A90-C2C62F022047}","created_user":null,"created_date":null,"last_edited_user":null,"last_edited_date":null},"geometry":{"type":"Point","coordinates":[-74.199522612370998,4.588962704262017]}},
{"type":"Feature","properties":{"observ":"Valores de capacidad de buses en proceso de actualización","longitud":-74.06980215,"latitud":4.67553501,"objectid":662,"num_est":"04107","nom_est":"Escuela Militar","id_trazado":"TZ005","long_est":122.0,"ancho_est":4.0,"area_est":488.0,"esta_oper":1,"eta_oper":1,"tipo_esta":4,"ub_est":"KR 40","num_acc":1,"acc_esp":0,"acc_depr":0,"acc_puent":1,"cod_nodo":4107,"cap_biart":120,"num_vag":2,"cap_art":152,"globalid":"{273730CC-1C03-4961-A802-EE2120381DE1}","created_user":null,"created_date":null,"last_edited_user":null,"last_edited_date":null},"geometry":{"type":"Point","coordinates":[-74.069802151050268,4.675535012017993]}},
{"type":"Feature","properties":{"observ":"Valores de capacidad de buses en proceso de actualización","longitud":-74.14129817,"latitud":4.63086366,"objectid":663,"num_est":"05101","nom_est":"Mandalay","id_trazado":"TZ009","long_est":115.705,"ancho_est":3.0,"area_est":347.115,"esta_oper":1,"eta_oper":1,"tipo_esta":4,"ub_est":"AV Americas KR 73","num_acc":1,"acc_esp":0,"acc_depr":0,"acc_puent":1,"cod_nodo":5101,"cap_biart":96,"num_vag":2,"cap_art":144,"globalid":"{E2DFD4D8-9985-4B08-92FE-4C3B90E42CA0}","created_user":null,"created_date":null,"last_edited_user":null,"last_edited_date":null},"geometry":{"type":"Point","coordinates":[-74.141298171807335,4.630863657469235]}},
{"type":"Feature","properties":{"observ":"Valores de capacidad de buses en proceso de actualización","longitud":-74.10028965000001,"latitud":4.70248285,"objectid":664,"num_est":"04003","nom_est":"AV. Cali","id_trazado":"TZ005","long_est":142.15,"ancho_est":4.0,"area_est":568.6,"esta_oper":1,"eta_oper":1,"tipo_esta":2,"ub_est":"KR 86","num_acc":1,"acc_esp":0,"acc_depr":0,"acc_puent":1,"cod_nodo":4003,"cap_biart":144,"num_vag":2,"cap_art":160,"globalid":"{1D862D01-74E7-4047-BBD2-2774373E446D}","created_user":null,"created_date":null,"last_edited_user":"editorInfraSTS","last_edited_date":"2026-06-25T15:49:16Z"},"geometry":{"type":"Point","coordinates":[-74.099930484079536,4.702211226918516]}},
{"type":"Feature","properties":{"observ":"Valores de capacidad de buses en proceso de actualización","longitud":-74.08699228,"latitud":4.73893679,"objectid":665,"num_est":"03002","nom_est":"Suba - TV. 91","id_trazado":"TZ003","long_est":273.89,"ancho_est":4.0,"area_est":1095.56,"esta_oper":1,"eta_oper":1,"tipo_esta":4,"ub_est":"AV Suba KR 90","num_acc":2,"acc_esp":1,"acc_depr":0,"acc_puent":1,"cod_nodo":3002,"cap_biart":96,"num_vag":4,"cap_art":168,"globalid":"{651F9F95-C4BF-49C0-BF89-CA072BC3139A}","created_user":null,"created_date":null,"last_edited_user":"editorInfraSTS","last_edited_date":"2026-06-25T15:53:11Z"},"geometry":{"type":"Point","coordinates":[-74.08746339298014,4.739408717712319]}},
{"type":"Feature","properties":{"observ":"Valores de capacidad de buses en proceso de actualización","longitud":-74.0904765,"latitud":4.61301798,"objectid":666,"num_est":"12003","nom_est":"Ricaurte - CL 13","id_trazado":"TZ009","long_est":184.2,"ancho_est":4.0,"area_est":736.8,"esta_oper":1,"eta_oper":1,"tipo_esta":3,"ub_est":"CL 13 - KR 28","num_acc":2,"acc_esp":1,"acc_depr":1,"acc_puent":0,"cod_nodo":12003,"cap_biart":120,"num_vag":6,"cap_art":192,"globalid":"{0B062412-92ED-4299-98B7-EDE405CB3C73}","created_user":null,"created_date":null,"last_edited_user":"editorInfraSTS","last_edited_date":"2026-06-25T15:35:34Z"},"geometry":{"type":"Point","coordinates":[-74.090092494155485,4.612680959785939]}},
{"type":"Feature","properties":{"observ":"Valores de capacidad de buses en proceso de actualización","longitud":-74.10142878,"latitud":4.58184906,"objectid":667,"num_est":"09104","nom_est":"Restrepo","id_trazado":"TZ012","long_est":120.17,"ancho_est":4.0,"area_est":480.68,"esta_oper":1,"eta_oper":1,"tipo_esta":4,"ub_est":"CL 19 Sur - AV 1 De M","num_acc":2,"acc_esp":2,"acc_depr":0,"acc_puent":0,"cod_nodo":9104,"cap_biart":72,"num_vag":2,"cap_art":128,"globalid":"{2C5764C2-59F3-4CAE-9110-4464F98F600F}","created_user":null,"created_date":null,"last_edited_user":null,"last_edited_date":null},"geometry":{"type":"Point","coordinates":[-74.101428782433132,4.581849057280713]}},
{"type":"Feature","properties":{"observ":"Valores de capacidad de buses en proceso de actualización","longitud":-74.05255829,"latitud":4.71455843,"objectid":668,"num_est":"02201","nom_est":"Prado","id_trazado":"TZ002","long_est":148.0,"ancho_est":4.0,"area_est":592.0,"esta_oper":1,"eta_oper":1,"tipo_esta":4,"ub_est":"CL 128 B","num_acc":1,"acc_esp":0,"acc_depr":0,"acc_puent":1,"cod_nodo":2201,"cap_biart":72,"num_vag":3,"cap_art":176,"globalid":"{F89C2540-3D20-4D68-86AA-DE140D847170}","created_user":null,"created_date":null,"last_edited_user":null,"last_edited_date":null},"geometry":{"type":"Point","coordinates":[-74.052558292220198,4.714558425952716]}},
{"type":"Feature","properties":{"observ":"Valores de capacidad de buses en proceso de actualización","longitud":-74.04357255,"latitud":4.76881876,"objectid":669,"num_est":"02502","nom_est":"Terminal","id_trazado":"TZ002","long_est":48.79,"ancho_est":3.0,"area_est":146.37,"esta_oper":1,"eta_oper":1,"tipo_esta":4,"ub_est":"CL 190","num_acc":1,"acc_esp":0,"acc_depr":0,"acc_puent":1,"cod_nodo":2502,"cap_biart":72,"num_vag":1,"cap_art":80,"globalid":"{099A93A7-5395-4842-A80D-CAB1FA280A3A}","created_user":null,"created_date":null,"last_edited_user":"editorInfraSTS","last_edited_date":"2026-06-25T15:33:57Z"},"geometry":{"type":"Point","coordinates":[-74.043662429001031,4.768253143203189]}},
{"type":"Feature","properties":{"observ":"Valores de capacidad de buses en proceso de actualización","longitud":-74.05901952,"latitud":4.67599737,"objectid":670,"num_est":"02302","nom_est":"Virrey","id_trazado":"TZ002","long_est":193.28,"ancho_est":4.0,"area_est":773.12,"esta_oper":1,"eta_oper":1,"tipo_esta":4,"ub_est":"CL 90","num_acc":1,"acc_esp":0,"acc_depr":0,"acc_puent":1,"cod_nodo":2302,"cap_biart":144,"num_vag":3,"cap_art":208,"globalid":"{2EB6922F-5943-4D19-8120-75AD472DD770}","created_user":null,"created_date":null,"last_edited_user":null,"last_edited_date":null},"geometry":{"type":"Point","coordinates":[-74.059019517096928,4.675997370862644]}},
{"type":"Feature","properties":{"observ":"Valores de capacidad de buses en proceso de actualización","longitud":-74.04725485,"latitud":4.74618498,"objectid":671,"num_est":"02101","nom_est":"Toberin - Foundever","id_trazado":"TZ002","long_est":335.0,"ancho_est":3.6,"area_est":1206.0,"esta_oper":1,"eta_oper":1,"tipo_esta":4,"ub_est":"CL 165","num_acc":1,"acc_esp":0,"acc_depr":0,"acc_puent":1,"cod_nodo":2101,"cap_biart":216,"num_vag":5,"cap_art":336,"globalid":"{ECDFF31F-9E6D-43CD-BE7C-F9FC5843B32E}","created_user":null,"created_date":null,"last_edited_user":null,"last_edited_date":null},"geometry":{"type":"Point","coordinates":[-74.047254847794136,4.746184978881875]}},
{"type":"Feature","properties":{"observ":"Valores de capacidad de buses en proceso de actualización","longitud":-74.0553088,"latitud":4.69812689,"objectid":672,"num_est":"02204","nom_est":"Pepe Sierra Universidad UTEL","id_trazado":"TZ002","long_est":104.62,"ancho_est":4.0,"area_est":418.48,"esta_oper":1,"eta_oper":1,"tipo_esta":4,"ub_est":"CL 116","num_acc":1,"acc_esp":0,"acc_depr":0,"acc_puent":1,"cod_nodo":2204,"cap_biart":72,"num_vag":2,"cap_art":128,"globalid":"{2A155227-8833-46B6-9918-23532227A3BB}","created_user":null,"created_date":null,"last_edited_user":"editorInfraSTS","last_edited_date":"2026-05-28T12:50:35Z"},"geometry":{"type":"Point","coordinates":[-74.055308799801949,4.698126889760766]}},
{"type":"Feature","properties":{"observ":"Valores de capacidad de buses en proceso de actualización","longitud":-74.0577123,"latitud":4.68394944,"objectid":673,"num_est":"02300","nom_est":"Calle 100 - Marketmedios","id_trazado":"TZ002","long_est":203.61,"ancho_est":4.0,"area_est":814.44,"esta_oper":1,"eta_oper":1,"tipo_esta":4,"ub_est":"CL 97","num_acc":2,"acc_esp":0,"acc_depr":0,"acc_puent":2,"cod_nodo":2300,"cap_biart":168,"num_vag":3,"cap_art":224,"globalid":"{8A0C2EA4-6EEB-4D2B-8616-F5A597098C16}","created_user":null,"created_date":null,"last_edited_user":null,"last_edited_date":null},"geometry":{"type":"Point","coordinates":[-74.057712296815879,4.683949437564952]}},
{"type":"Feature","properties":{"observ":"Valores de capacidad de buses en proceso de actualización","longitud":-74.05050333,"latitud":4.72685009,"objectid":674,"num_est":"02105","nom_est":"Calle 142","id_trazado":"TZ002","long_est":221.09,"ancho_est":3.0,"area_est":663.27,"esta_oper":1,"eta_oper":1,"tipo_esta":4,"ub_est":"CL 142","num_acc":1,"acc_esp":0,"acc_depr":0,"acc_puent":1,"cod_nodo":2105,"cap_biart":48,"num_vag":4,"cap_art":132,"globalid":"{B5B0F3FB-5582-4F60-82CA-3841B6E22C3B}","created_user":null,"created_date":null,"last_edited_user":null,"last_edited_date":null},"geometry":{"type":"Point","coordinates":[-74.050503331899762,4.726850089637862]}},
{"type":"Feature","properties":{"observ":"Valores de capacidad de buses en proceso de actualización","longitud":-74.046044650000013,"latitud":4.75462286,"objectid":675,"num_est":"02000","nom_est":"Portal Norte – Unicervantes","id_trazado":"TZ002","long_est":365.66,"ancho_est":0.0,"area_est":0.0,"esta_oper":1,"eta_oper":1,"tipo_esta":1,"ub_est":"CL 173","num_acc":1,"acc_esp":0,"acc_depr":0,"acc_puent":1,"cod_nodo":2000,"cap_biart":78,"num_vag":1,"cap_art":132,"globalid":"{29253416-B095-4BB5-8886-4749F4DD1517}","created_user":null,"created_date":null,"last_edited_user":null,"last_edited_date":null},"geometry":{"type":"Point","coordinates":[-74.04604464924742,4.754622860218019]}},
{"type":"Feature","properties":{"observ":"Valores de capacidad de buses en proceso de actualización","longitud":-74.0444437,"latitud":4.76333655,"objectid":676,"num_est":"02001","nom_est":"Calle 187","id_trazado":"TZ002","long_est":40.9,"ancho_est":3.0,"area_est":122.7,"esta_oper":1,"eta_oper":1,"tipo_esta":4,"ub_est":"CL 184","num_acc":1,"acc_esp":0,"acc_depr":0,"acc_puent":1,"cod_nodo":2001,"cap_biart":72,"num_vag":1,"cap_art":80,"globalid":"{323AFFF7-FD27-4654-ABF0-9F741FED51E0}","created_user":null,"created_date":null,"last_edited_user":"editorInfraSTS","last_edited_date":"2026-06-25T15:33:14Z"},"geometry":{"type":"Point","coordinates":[-74.044527671989755,4.762808125248429]}},
{"type":"Feature","properties":{"observ":"Valores de capacidad de buses en proceso de actualización","longitud":-74.05145916000001,"latitud":4.7211582,"objectid":677,"num_est":"02200","nom_est":"Alcalá – Colegio S. Tomás Dominicos","id_trazado":"TZ002","long_est":205.19,"ancho_est":4.0,"area_est":820.76,"esta_oper":1,"eta_oper":1,"tipo_esta":4,"ub_est":"CL 137","num_acc":2,"acc_esp":0,"acc_depr":0,"acc_puent":2,"cod_nodo":2200,"cap_biart":168,"num_vag":3,"cap_art":224,"globalid":"{178C288B-32B3-45A7-BB95-2C0F3895A233}","created_user":null,"created_date":null,"last_edited_user":null,"last_edited_date":null},"geometry":{"type":"Point","coordinates":[-74.051459163017839,4.721158197762578]}},
{"type":"Feature","properties":{"observ":"Valores de capacidad de buses en proceso de actualización","longitud":-74.04981123,"latitud":4.73089106,"objectid":678,"num_est":"02104","nom_est":"Calle 146","id_trazado":"TZ002","long_est":86.3,"ancho_est":4.0,"area_est":345.2,"esta_oper":1,"eta_oper":1,"tipo_esta":4,"ub_est":"CL 146","num_acc":1,"acc_esp":0,"acc_depr":0,"acc_puent":1,"cod_nodo":2104,"cap_biart":72,"num_vag":3,"cap_art":176,"globalid":"{2D124533-077D-4F9F-9BE5-80B4F7E6BE1D}","created_user":null,"created_date":null,"last_edited_user":null,"last_edited_date":null},"geometry":{"type":"Point","coordinates":[-74.04981122855385,4.730891064158206]}},
{"type":"Feature","properties":{"observ":"Valores de capacidad de buses en proceso de actualización","longitud":-74.05422516,"latitud":4.70463964,"objectid":679,"num_est":"02202","nom_est":"Calle 127","id_trazado":"TZ002","long_est":104.57,"ancho_est":4.0,"area_est":418.28,"esta_oper":1,"eta_oper":1,"tipo_esta":4,"ub_est":"CL 127","num_acc":1,"acc_esp":0,"acc_depr":0,"acc_puent":1,"cod_nodo":2202,"cap_biart":72,"num_vag":2,"cap_art":128,"globalid":"{D604EA92-2242-49D8-BB39-4164AE62DDB3}","created_user":null,"created_date":null,"last_edited_user":null,"last_edited_date":null},"geometry":{"type":"Point","coordinates":[-74.054225163996605,4.704639636465494]}},
{"type":"Feature","properties":{"observ":"Valores de capacidad de buses en proceso de actualización","longitud":-74.06030995,"latitud":4.66813603,"objectid":680,"num_est":"02304","nom_est":"Héroes - Colmena Seguros","id_trazado":"TZ002","long_est":167.4,"ancho_est":4.0,"area_est":669.6,"esta_oper":1,"eta_oper":1,"tipo_esta":4,"ub_est":"CL 80","num_acc":1,"acc_esp":0,"acc_depr":0,"acc_puent":1,"cod_nodo":2304,"cap_biart":96,"num_vag":3,"cap_art":168,"globalid":"{FC726C2C-58F2-4134-9A17-9DECA4818013}","created_user":null,"created_date":null,"last_edited_user":"editorInfraSTS","last_edited_date":"2026-05-28T12:50:35Z"},"geometry":{"type":"Point","coordinates":[-74.060309951357283,4.668136029647685]}},
{"type":"Feature","properties":{"observ":"Valores de capacidad de buses en proceso de actualización","longitud":-74.04800035,"latitud":4.7419153,"objectid":681,"num_est":"02102","nom_est":"Calle 161","id_trazado":"TZ002","long_est":172.62,"ancho_est":3.0,"area_est":517.86,"esta_oper":1,"eta_oper":1,"tipo_esta":4,"ub_est":"CL 160","num_acc":1,"acc_esp":0,"acc_depr":0,"acc_puent":1,"cod_nodo":2102,"cap_biart":0,"num_vag":4,"cap_art":96,"globalid":"{0DB48CE9-8964-4E5A-A411-48C7FEB37D4D}","created_user":null,"created_date":null,"last_edited_user":null,"last_edited_date":null},"geometry":{"type":"Point","coordinates":[-74.048000349511909,4.741915299191302]}},
{"type":"Feature","properties":{"observ":"Valores de capacidad de buses en proceso de actualización","longitud":-74.05618243000001,"latitud":4.6929826,"objectid":682,"num_est":"02205","nom_est":"Calle 106 - Maletas Explora","id_trazado":"TZ002","long_est":209.14,"ancho_est":3.0,"area_est":627.42,"esta_oper":1,"eta_oper":1,"tipo_esta":4,"ub_est":"CL 106","num_acc":1,"acc_esp":0,"acc_depr":0,"acc_puent":1,"cod_nodo":2205,"cap_biart":120,"num_vag":4,"cap_art":128,"globalid":"{621A3D60-D0B5-4C4F-92CF-6A29D588E20E}","created_user":null,"created_date":null,"last_edited_user":null,"last_edited_date":null},"geometry":{"type":"Point","coordinates":[-74.056182433073033,4.692982600439019]}},
{"type":"Feature","properties":{"observ":"Valores de capacidad de buses en proceso de actualización","longitud":-74.04922624,"latitud":4.73458855,"objectid":683,"num_est":"02103","nom_est":"Mazurén","id_trazado":"TZ002","long_est":172.63,"ancho_est":3.2,"area_est":552.416,"esta_oper":1,"eta_oper":1,"tipo_esta":4,"ub_est":"CL 152","num_acc":1,"acc_esp":0,"acc_depr":0,"acc_puent":1,"cod_nodo":2103,"cap_biart":72,"num_vag":5,"cap_art":176,"globalid":"{2D651DFB-B495-4CD6-A3E6-EF9DC5BCB8B9}","created_user":null,"created_date":null,"last_edited_user":null,"last_edited_date":null},"geometry":{"type":"Point","coordinates":[-74.049226236389487,4.734588554219222]}},
{"type":"Feature","properties":{"observ":"Valores de capacidad de buses en proceso de actualización","longitud":-74.06787872000001,"latitud":4.63145241,"objectid":684,"num_est":"09117","nom_est":"Calle 45 - American School Way","id_trazado":"TZ001","long_est":182.54,"ancho_est":3.5,"area_est":638.89,"esta_oper":1,"eta_oper":3,"tipo_esta":4,"ub_est":"CL 45 - CL 42A","num_acc":2,"acc_esp":2,"acc_depr":0,"acc_puent":0,"cod_nodo":9117,"cap_biart":120,"num_vag":3,"cap_art":200,"globalid":"{50BA7DE8-85DE-45EA-AE6A-4B23E8C97672}","created_user":null,"created_date":null,"last_edited_user":"editorInfraSTS","last_edited_date":"2026-05-28T13:01:18Z"},"geometry":{"type":"Point","coordinates":[-74.067878723280316,4.631452412878287]}},
{"type":"Feature","properties":{"observ":"Valores de capacidad de buses en proceso de actualización","longitud":-74.07742142,"latitud":4.68180475,"objectid":685,"num_est":"04105","nom_est":"Carrera 53","id_trazado":"TZ005","long_est":45.75,"ancho_est":4.0,"area_est":183.0,"esta_oper":1,"eta_oper":1,"tipo_esta":4,"ub_est":"KR 53","num_acc":1,"acc_esp":0,"acc_depr":0,"acc_puent":1,"cod_nodo":4105,"cap_biart":72,"num_vag":1,"cap_art":80,"globalid":"{67A41BDC-02F5-4470-B0C0-121EEF265E86}","created_user":null,"created_date":null,"last_edited_user":null,"last_edited_date":null},"geometry":{"type":"Point","coordinates":[-74.077421421362317,4.681804753883138]}},
{"type":"Feature","properties":{"observ":"Valores de capacidad de buses en proceso de actualización","longitud":-74.06444317,"latitud":4.67561116,"objectid":686,"num_est":"07101","nom_est":"La Castellana","id_trazado":"TZ008","long_est":164.3,"ancho_est":4.0,"area_est":657.2,"esta_oper":1,"eta_oper":1,"tipo_esta":4,"ub_est":"KR 30 KR 24","num_acc":1,"acc_esp":0,"acc_depr":0,"acc_puent":1,"cod_nodo":7101,"cap_biart":72,"num_vag":4,"cap_art":160,"globalid":"{A76F219A-084F-4BFA-8774-CB803B50446B}","created_user":null,"created_date":null,"last_edited_user":null,"last_edited_date":null},"geometry":{"type":"Point","coordinates":[-74.064443169453085,4.675611154981965]}},
{"type":"Feature","properties":{"observ":"Valores de capacidad de buses en proceso de actualización","longitud":-74.0937094,"latitud":4.57693931,"objectid":687,"num_est":"10002","nom_est":"AV. 1 Mayo","id_trazado":"TZ018","long_est":217.32,"ancho_est":4.0,"area_est":869.28,"esta_oper":1,"eta_oper":1,"tipo_esta":2,"ub_est":"AV 1 De Mayo Con KR 7","num_acc":2,"acc_esp":2,"acc_depr":0,"acc_puent":0,"cod_nodo":10002,"cap_biart":168,"num_vag":3,"cap_art":216,"globalid":"{A18AF6FB-191E-456F-990A-CE3B35A77AC1}","created_user":null,"created_date":null,"last_edited_user":null,"last_edited_date":null},"geometry":{"type":"Point","coordinates":[-74.093709404831799,4.576939314363686]}},
{"type":"Feature","properties":{"observ":"Valores de capacidad de buses en proceso de actualización","longitud":-74.08189427000001,"latitud":4.6054211,"objectid":688,"num_est":"14001","nom_est":"De La Sabana","id_trazado":"TZ009","long_est":96.47,"ancho_est":4.0,"area_est":385.88,"esta_oper":1,"eta_oper":1,"tipo_esta":4,"ub_est":"CL 13 - KR 16","num_acc":2,"acc_esp":2,"acc_depr":0,"acc_puent":0,"cod_nodo":14001,"cap_biart":48,"num_vag":2,"cap_art":120,"globalid":"{CFB2B265-A8FD-4B97-8475-309293FB3A6E}","created_user":null,"created_date":null,"last_edited_user":null,"last_edited_date":null},"geometry":{"type":"Point","coordinates":[-74.081894271033633,4.605421100257434]}},
{"type":"Feature","properties":{"observ":"Valores de capacidad de buses en proceso de actualización","longitud":-74.18811218,"latitud":4.59459382,"objectid":689,"num_est":"07506","nom_est":"La Despensa","id_trazado":"TZ011","long_est":89.5,"ancho_est":4.0,"area_est":358.0,"esta_oper":1,"eta_oper":1,"tipo_esta":4,"ub_est":"Soacha","num_acc":1,"acc_esp":0,"acc_depr":0,"acc_puent":1,"cod_nodo":7506,"cap_biart":72,"num_vag":2,"cap_art":152,"globalid":"{F49C22FF-8BAE-41A0-ACCC-344A407E87B4}","created_user":null,"created_date":null,"last_edited_user":null,"last_edited_date":null},"geometry":{"type":"Point","coordinates":[-74.188112181777825,4.59459381881802]}},
{"type":"Feature","properties":{"observ":"Valores de capacidad de buses en proceso de actualización","longitud":-74.06206786,"latitud":4.65823755,"objectid":690,"num_est":"09122","nom_est":"Calle 72 - Areandina","id_trazado":"TZ001","long_est":383.0,"ancho_est":5.0,"area_est":1915.0,"esta_oper":1,"eta_oper":1,"tipo_esta":4,"ub_est":"CL 72 - CL 70A","num_acc":2,"acc_esp":2,"acc_depr":0,"acc_puent":0,"cod_nodo":9122,"cap_biart":0,"num_vag":3,"cap_art":0,"globalid":"{DCD7B4A0-11E7-4914-BD67-A478301D429F}","created_user":null,"created_date":null,"last_edited_user":"editorInfraSTS","last_edited_date":"2026-08-24T13:35:07Z"},"geometry":{"type":"Point","coordinates":[-74.062067860851585,4.658237545704798]}},
{"type":"Feature","properties":{"observ":"Valores de capacidad de buses en proceso de actualización","longitud":-74.07632059000001,"latitud":4.62046499,"objectid":691,"num_est":"06109","nom_est":"Centro Memoria","id_trazado":"TZ016","long_est":130.01,"ancho_est":4.0,"area_est":520.04,"esta_oper":1,"eta_oper":1,"tipo_esta":4,"ub_est":"KR 20","num_acc":2,"acc_esp":2,"acc_depr":0,"acc_puent":0,"cod_nodo":6109,"cap_biart":120,"num_vag":2,"cap_art":140,"globalid":"{B99A56BA-E706-4A5B-BDAD-26F4115F877A}","created_user":null,"created_date":null,"last_edited_user":null,"last_edited_date":null},"geometry":{"type":"Point","coordinates":[-74.076320592910591,4.620464994750269]}},
{"type":"Feature","properties":{"observ":"Valores de capacidad de buses en proceso de actualización","longitud":-74.10143788,"latitud":4.62278154,"objectid":692,"num_est":"12001","nom_est":"Carrera 43 - Comapan","id_trazado":"TZ009","long_est":96.45,"ancho_est":4.0,"area_est":385.8,"esta_oper":1,"eta_oper":1,"tipo_esta":4,"ub_est":"AV Americas - KR 43","num_acc":2,"acc_esp":2,"acc_depr":0,"acc_puent":0,"cod_nodo":12001,"cap_biart":48,"num_vag":2,"cap_art":120,"globalid":"{24588D37-3990-42EB-8EA3-39E36B55C87D}","created_user":null,"created_date":null,"last_edited_user":null,"last_edited_date":null},"geometry":{"type":"Point","coordinates":[-74.101437877909888,4.62278153734826]}},
{"type":"Feature","properties":{"observ":"Valores de capacidad de buses en proceso de actualización","longitud":-74.12387433000001,"latitud":4.5602273,"objectid":693,"num_est":"09002","nom_est":"Consuelo","id_trazado":"TZ012","long_est":81.57,"ancho_est":4.0,"area_est":326.28,"esta_oper":1,"eta_oper":1,"tipo_esta":4,"ub_est":"KR 11A - KR 10C","num_acc":1,"acc_esp":1,"acc_depr":0,"acc_puent":0,"cod_nodo":9002,"cap_biart":72,"num_vag":2,"cap_art":120,"globalid":"{4338B4D6-314C-41C0-AA14-317498DE8561}","created_user":null,"created_date":null,"last_edited_user":"editorInfraSTS","last_edited_date":"2026-06-25T15:43:41Z"},"geometry":{"type":"Point","coordinates":[-74.123810786991456,4.5600935055591]}},
{"type":"Feature","properties":{"observ":"Valores de capacidad de buses en proceso de actualización","longitud":-74.08040995,"latitud":4.60286688,"objectid":694,"num_est":"09110","nom_est":"Temporal AV. Jiménez - Inter Eléctricas","id_trazado":"TZ001","long_est":180.33,"ancho_est":3.5,"area_est":631.155,"esta_oper":1,"eta_oper":1,"tipo_esta":3,"ub_est":"CL 13 - CL 11","num_acc":2,"acc_esp":1,"acc_depr":1,"acc_puent":0,"cod_nodo":9110,"cap_biart":96,"num_vag":3,"cap_art":192,"globalid":"{EE40D368-4BB3-48BE-922A-491ABBD877AF}","created_user":null,"created_date":null,"last_edited_user":"editorInfraSTS","last_edited_date":"2026-06-25T15:29:08Z"},"geometry":{"type":"Point","coordinates":[-74.082326534121648,4.600166621036774]}},
{"type":"Feature","properties":{"observ":"Valores de capacidad de buses en proceso de actualización","longitud":-74.09986137,"latitud":4.60424998,"objectid":695,"num_est":"07112","nom_est":"Comuneros","id_trazado":"TZ010","long_est":130.16,"ancho_est":4.0,"area_est":520.64,"esta_oper":1,"eta_oper":1,"tipo_esta":4,"ub_est":"KR 30 - CL 6A","num_acc":2,"acc_esp":1,"acc_depr":0,"acc_puent":1,"cod_nodo":7112,"cap_biart":108,"num_vag":2,"cap_art":144,"globalid":"{CC73317E-35CC-4D80-9D23-DB9348465D42}","created_user":null,"created_date":null,"last_edited_user":null,"last_edited_date":null},"geometry":{"type":"Point","coordinates":[-74.099861374184897,4.604249975583671]}},
{"type":"Feature","properties":{"observ":"Valores de capacidad de buses en proceso de actualización","longitud":-74.10564666,"latitud":4.65706705,"objectid":696,"num_est":"06101","nom_est":"El Tiempo – Cámara de Comercio de Bogotá","id_trazado":"TZ016","long_est":96.48,"ancho_est":3.0,"area_est":289.44,"esta_oper":1,"eta_oper":1,"tipo_esta":4,"ub_est":"KR 68D","num_acc":1,"acc_esp":0,"acc_depr":0,"acc_puent":1,"cod_nodo":6101,"cap_biart":120,"num_vag":2,"cap_art":120,"globalid":"{35F21613-6A72-4978-9D76-36AFD0AD6493}","created_user":null,"created_date":null,"last_edited_user":null,"last_edited_date":null},"geometry":{"type":"Point","coordinates":[-74.105646659789016,4.6570670471491]}},
{"type":"Feature","properties":{"observ":"Valores de capacidad de buses en proceso de actualización","longitud":-74.15935249,"latitud":4.63790778,"objectid":697,"num_est":"05002","nom_est":"Biblioteca Tintal","id_trazado":"TZ009","long_est":199.2,"ancho_est":4.5,"area_est":896.4,"esta_oper":1,"eta_oper":1,"tipo_esta":4,"ub_est":"AV Cali - CL 26 Sur","num_acc":2,"acc_esp":2,"acc_depr":0,"acc_puent":0,"cod_nodo":5002,"cap_biart":144,"num_vag":2,"cap_art":160,"globalid":"{6366CF6A-8B17-4E3C-B57B-48538DFC4AD7}","created_user":null,"created_date":null,"last_edited_user":"editorInfraSTS","last_edited_date":"2026-06-25T15:36:42Z"},"geometry":{"type":"Point","coordinates":[-74.158956453904892,4.638263789456411]}},
{"type":"Feature","properties":{"observ":"Valores de capacidad de buses en proceso de actualización","longitud":-74.0903516,"latitud":4.58154254,"objectid":698,"num_est":"10003","nom_est":"Ciudad Jardín - UAN","id_trazado":"TZ018","long_est":108.28,"ancho_est":4.0,"area_est":433.12,"esta_oper":1,"eta_oper":1,"tipo_esta":4,"ub_est":"KR 10 - CL 12 Sur","num_acc":1,"acc_esp":1,"acc_depr":0,"acc_puent":0,"cod_nodo":10003,"cap_biart":120,"num_vag":2,"cap_art":144,"globalid":"{75C75616-85E3-4924-B355-4385F7B29816}","created_user":null,"created_date":null,"last_edited_user":null,"last_edited_date":null},"geometry":{"type":"Point","coordinates":[-74.090351598223464,4.581542540921835]}},
{"type":"Feature","properties":{"observ":"Valores de capacidad de buses en proceso de actualización","longitud":-74.08183542,"latitud":4.59402077,"objectid":699,"num_est":"10005","nom_est":"Bicentenario","id_trazado":"TZ018","long_est":183.26,"ancho_est":4.0,"area_est":733.04,"esta_oper":1,"eta_oper":1,"tipo_esta":2,"ub_est":"KR 10 - CL 5","num_acc":1,"acc_esp":0,"acc_depr":0,"acc_puent":1,"cod_nodo":10005,"cap_biart":168,"num_vag":3,"cap_art":216,"globalid":"{4D9D68B3-7B78-4799-9433-736648B745C8}","created_user":null,"created_date":null,"last_edited_user":"editorInfraSTS","last_edited_date":"2026-06-25T15:37:40Z"},"geometry":{"type":"Point","coordinates":[-74.082330563290625,4.593315985687481]}},
{"type":"Feature","properties":{"observ":"Valores de capacidad de buses en proceso de actualización","longitud":-74.065828259999989,"latitud":4.64298162,"objectid":700,"num_est":"09119","nom_est":"Temporal Calle 57","id_trazado":"TZ001","long_est":150.39,"ancho_est":3.5,"area_est":526.365,"esta_oper":1,"eta_oper":1,"tipo_esta":4,"ub_est":"CL 57 - CL 54","num_acc":2,"acc_esp":2,"acc_depr":0,"acc_puent":0,"cod_nodo":9119,"cap_biart":120,"num_vag":2,"cap_art":200,"globalid":"{F60E7668-EACA-48D8-9E3A-3EF5452A79C6}","created_user":null,"created_date":null,"last_edited_user":"editorInfraSTS","last_edited_date":"2026-06-25T15:22:48Z"},"geometry":{"type":"Point","coordinates":[-74.065447703459455,4.645014003617852]}},
{"type":"Feature","properties":{"observ":"Valores de capacidad de buses en proceso de actualización","longitud":-74.13038868000001,"latitud":4.57030352,"objectid":701,"num_est":"08002","nom_est":"Biblioteca","id_trazado":"TZ014","long_est":45.68,"ancho_est":0.0,"area_est":0.0,"esta_oper":1,"eta_oper":1,"tipo_esta":4,"ub_est":"CL 48A Sur","num_acc":1,"acc_esp":1,"acc_depr":0,"acc_puent":0,"cod_nodo":8002,"cap_biart":24,"num_vag":1,"cap_art":36,"globalid":"{7CA09A1D-2C80-47B1-9031-D0B4707FC323}","created_user":null,"created_date":null,"last_edited_user":null,"last_edited_date":null},"geometry":{"type":"Point","coordinates":[-74.130388678707703,4.57030351923882]}},
{"type":"Feature","properties":{"observ":"Valores de capacidad de buses en proceso de actualización","longitud":-74.07987857000001,"latitud":4.63066841,"objectid":702,"num_est":"07108","nom_est":"AV. ElDorado","id_trazado":"TZ008","long_est":48.1,"ancho_est":4.0,"area_est":192.4,"esta_oper":1,"eta_oper":1,"tipo_esta":4,"ub_est":"KR 30 AV 28","num_acc":1,"acc_esp":0,"acc_depr":0,"acc_puent":1,"cod_nodo":7108,"cap_biart":120,"num_vag":2,"cap_art":140,"globalid":"{F78EDE74-ECA6-4E43-A0E3-FE0D85B3C8B2}","created_user":null,"created_date":null,"last_edited_user":"editorInfraSTS","last_edited_date":"2026-06-25T15:34:33Z"},"geometry":{"type":"Point","coordinates":[-74.079958279505036,4.630121524783391]}},
{"type":"Feature","properties":{"observ":"Valores de capacidad de buses en proceso de actualización","longitud":-74.072158460000011,"latitud":4.61665155,"objectid":703,"num_est":"09114","nom_est":"Calle 26 - Atrio","id_trazado":"TZ001","long_est":182.52,"ancho_est":3.5,"area_est":638.82,"esta_oper":1,"eta_oper":1,"tipo_esta":4,"ub_est":"AV Calle 28 - CL 2","num_acc":2,"acc_esp":2,"acc_depr":0,"acc_puent":0,"cod_nodo":9114,"cap_biart":0,"num_vag":3,"cap_art":0,"globalid":"{77A99556-E940-48E6-8999-E872864D9A1B}","created_user":null,"created_date":null,"last_edited_user":"editorInfraSTS","last_edited_date":"2026-07-02T21:08:00Z"},"geometry":{"type":"Point","coordinates":[-74.072158458069779,4.616651548430109]}},
{"type":"Feature","properties":{"observ":"Valores de capacidad de buses en proceso de actualización","longitud":-74.13426993,"latitud":4.59426993,"objectid":704,"num_est":"07005","nom_est":"Alquería","id_trazado":"TZ010","long_est":89.25,"ancho_est":4.0,"area_est":357.0,"esta_oper":1,"eta_oper":1,"tipo_esta":4,"ub_est":"Autosur - KR 48","num_acc":1,"acc_esp":0,"acc_depr":0,"acc_puent":1,"cod_nodo":7005,"cap_biart":72,"num_vag":2,"cap_art":132,"globalid":"{7FD49F39-AC89-465D-81E4-DCA01E57B876}","created_user":null,"created_date":null,"last_edited_user":null,"last_edited_date":null},"geometry":{"type":"Point","coordinates":[-74.13426992732451,4.594269934546364]}},
{"type":"Feature","properties":{"observ":"Valores de capacidad de buses en proceso de actualización","longitud":-74.181225,"latitud":4.59688795,"objectid":705,"num_est":"07010","nom_est":"Bosa","id_trazado":"TZ010","long_est":126.08,"ancho_est":4.0,"area_est":504.32,"esta_oper":1,"eta_oper":1,"tipo_esta":4,"ub_est":"Soacha","num_acc":2,"acc_esp":0,"acc_depr":0,"acc_puent":2,"cod_nodo":7010,"cap_biart":120,"num_vag":2,"cap_art":152,"globalid":"{23AA251B-55EA-4A49-8E50-BA2D18F9FDE8}","created_user":null,"created_date":null,"last_edited_user":null,"last_edited_date":null},"geometry":{"type":"Point","coordinates":[-74.181224998594217,4.596887946711874]}},
{"type":"Feature","properties":{"observ":"Valores de capacidad de buses en proceso de actualización","longitud":-74.084181210000011,"latitud":4.62341573,"objectid":706,"num_est":"07109","nom_est":"CAD","id_trazado":"TZ008","long_est":130.07,"ancho_est":4.0,"area_est":520.28,"esta_oper":1,"eta_oper":1,"tipo_esta":4,"ub_est":"KR 30 - CL 26","num_acc":2,"acc_esp":0,"acc_depr":0,"acc_puent":2,"cod_nodo":7109,"cap_biart":120,"num_vag":2,"cap_art":152,"globalid":"{CC9EB24C-A4EA-4EC8-9D3C-538ED6D1241F}","created_user":null,"created_date":null,"last_edited_user":null,"last_edited_date":null},"geometry":{"type":"Point","coordinates":[-74.0841812050935,4.623415731317321]}},
{"type":"Feature","properties":{"observ":"Valores de capacidad de buses en proceso de actualización","longitud":-74.14576996000001,"latitud":4.63129454,"objectid":707,"num_est":"05100","nom_est":"Banderas","id_trazado":"TZ009","long_est":536.19,"ancho_est":0.0,"area_est":0.0,"esta_oper":1,"eta_oper":1,"tipo_esta":2,"ub_est":"AV Americas - KR 78","num_acc":2,"acc_esp":0,"acc_depr":0,"acc_puent":2,"cod_nodo":5100,"cap_biart":288,"num_vag":4,"cap_art":320,"globalid":"{BBE457C1-3F81-4BB3-9437-CA5C31DCA52F}","created_user":null,"created_date":null,"last_edited_user":null,"last_edited_date":null},"geometry":{"type":"Point","coordinates":[-74.145769962596106,4.631294536922991]}},
{"type":"Feature","properties":{"observ":"Valores de capacidad de buses en proceso de actualización","longitud":-74.07686968,"latitud":4.60786462,"objectid":708,"num_est":"09111","nom_est":"Calle 19","id_trazado":"TZ001","long_est":182.49,"ancho_est":3.5,"area_est":638.715,"esta_oper":1,"eta_oper":3,"tipo_esta":4,"ub_est":"CL 19 - CL 17","num_acc":2,"acc_esp":2,"acc_depr":0,"acc_puent":0,"cod_nodo":9111,"cap_biart":120,"num_vag":3,"cap_art":200,"globalid":"{F44B08F5-40A7-4CD9-8857-BD0B59B9A082}","created_user":null,"created_date":null,"last_edited_user":null,"last_edited_date":null},"geometry":{"type":"Point","coordinates":[-74.076869677954321,4.607864622138164]}},
{"type":"Feature","properties":{"observ":"Valores de capacidad de buses en proceso de actualización","longitud":-74.07909278,"latitud":4.60305325,"objectid":709,"num_est":"14003","nom_est":"Temporal AV. Jiménez - Inter Eléctricas","id_trazado":"TZ015","long_est":124.6,"ancho_est":0.0,"area_est":0.0,"esta_oper":1,"eta_oper":1,"tipo_esta":3,"ub_est":"CL 13 - Caracas","num_acc":1,"acc_esp":1,"acc_depr":0,"acc_puent":0,"cod_nodo":14003,"cap_biart":120,"num_vag":5,"cap_art":152,"globalid":"{CF2B6117-5A42-44E9-9CB5-DA23011674EF}","created_user":null,"created_date":null,"last_edited_user":"editorInfraSTS","last_edited_date":"2026-06-25T15:23:14Z"},"geometry":{"type":"Point","coordinates":[-74.078968383856477,4.602953402308559]}},
{"type":"Feature","properties":{"observ":"Valores de capacidad de buses en proceso de actualización","longitud":-74.07836246,"latitud":4.65003985,"objectid":710,"num_est":"07105","nom_est":"Movistar Arena","id_trazado":"TZ008","long_est":122.82,"ancho_est":4.0,"area_est":491.28,"esta_oper":1,"eta_oper":1,"tipo_esta":4,"ub_est":"KR 30 - CL 57","num_acc":1,"acc_esp":0,"acc_depr":0,"acc_puent":1,"cod_nodo":7105,"cap_biart":120,"num_vag":2,"cap_art":152,"globalid":"{D42C2D37-741D-42C7-8D78-87F5641D9424}","created_user":null,"created_date":null,"last_edited_user":"editorInfraSTS","last_edited_date":"2026-06-25T15:34:55Z"},"geometry":{"type":"Point","coordinates":[-74.078376709621381,4.649840483904393]}},
{"type":"Feature","properties":{"observ":"Valores de capacidad de buses en proceso de actualización","longitud":-74.06126126,"latitud":4.66302945,"objectid":712,"num_est":"09123","nom_est":"Calle 76 - San Felipe","id_trazado":"TZ001","long_est":182.25,"ancho_est":3.5,"area_est":637.875,"esta_oper":1,"eta_oper":1,"tipo_esta":4,"ub_est":"CL 76 - CL 74","num_acc":2,"acc_esp":2,"acc_depr":0,"acc_puent":0,"cod_nodo":9123,"cap_biart":120,"num_vag":3,"cap_art":200,"globalid":"{86FD53F3-A40C-4C50-ACF1-D653347DE982}","created_user":null,"created_date":null,"last_edited_user":null,"last_edited_date":null},"geometry":{"type":"Point","coordinates":[-74.061261261575993,4.663029449928692]}},
{"type":"Feature","properties":{"observ":"Valores de capacidad de buses en proceso de actualización","longitud":-74.06487053000001,"latitud":4.64840397,"objectid":713,"num_est":"09120","nom_est":"Calle 63","id_trazado":"TZ001","long_est":187.6,"ancho_est":3.5,"area_est":656.6,"esta_oper":1,"eta_oper":3,"tipo_esta":4,"ub_est":"CL 63 - CL 60","num_acc":2,"acc_esp":2,"acc_depr":0,"acc_puent":0,"cod_nodo":9120,"cap_biart":0,"num_vag":3,"cap_art":0,"globalid":"{210265F2-74C5-4AC9-96D7-1B81677556C2}","created_user":null,"created_date":null,"last_edited_user":null,"last_edited_date":null},"geometry":{"type":"Point","coordinates":[-74.064870534843678,4.648403969921902]}},
{"type":"Feature","properties":{"observ":"Valores de capacidad de buses en proceso de actualización","longitud":-74.05964363,"latitud":4.67231279,"objectid":714,"num_est":"02303","nom_est":"Calle 85","id_trazado":"TZ002","long_est":216.42,"ancho_est":4.0,"area_est":865.68,"esta_oper":1,"eta_oper":1,"tipo_esta":4,"ub_est":"CL 85","num_acc":1,"acc_esp":0,"acc_depr":0,"acc_puent":1,"cod_nodo":2303,"cap_biart":120,"num_vag":4,"cap_art":200,"globalid":"{76B77DC3-C5DE-4DD6-9F01-9FC58064FA28}","created_user":null,"created_date":null,"last_edited_user":null,"last_edited_date":null},"geometry":{"type":"Point","coordinates":[-74.059643631079325,4.672312786740467]}},
{"type":"Feature","properties":{"observ":"Valores de capacidad de buses en proceso de actualización","longitud":-74.11788075,"latitud":4.59479847,"objectid":715,"num_est":"07008","nom_est":"NQS - Calle 30 S","id_trazado":"TZ010","long_est":89.62,"ancho_est":4.0,"area_est":358.48,"esta_oper":1,"eta_oper":1,"tipo_esta":4,"ub_est":"Autosur - DG 26 Sur","num_acc":1,"acc_esp":1,"acc_depr":0,"acc_puent":0,"cod_nodo":7008,"cap_biart":72,"num_vag":2,"cap_art":160,"globalid":"{C4900383-3589-4E4A-A3A7-26C6FF2A5598}","created_user":null,"created_date":null,"last_edited_user":"editorInfraSTS","last_edited_date":"2026-06-25T15:41:57Z"},"geometry":{"type":"Point","coordinates":[-74.118149171922823,4.594738907433427]}},
{"type":"Feature","properties":{"observ":"Valores de capacidad de buses en proceso de actualización","longitud":-74.09863413000001,"latitud":4.57141673,"objectid":716,"num_est":"10001","nom_est":"Country Sur","id_trazado":"TZ018","long_est":115.31,"ancho_est":4.0,"area_est":461.24,"esta_oper":1,"eta_oper":1,"tipo_esta":4,"ub_est":"KR 10 - CL 28 Sur","num_acc":2,"acc_esp":2,"acc_depr":0,"acc_puent":0,"cod_nodo":10001,"cap_biart":120,"num_vag":2,"cap_art":144,"globalid":"{252EAE5A-928E-4517-9098-B8016CB9465C}","created_user":null,"created_date":null,"last_edited_user":null,"last_edited_date":null},"geometry":{"type":"Point","coordinates":[-74.098634125425747,4.571416733654898]}},
{"type":"Feature","properties":{"observ":"Valores de capacidad de buses en proceso de actualización","longitud":-74.07325476,"latitud":4.67775575,"objectid":717,"num_est":"04106","nom_est":"Carrera 47","id_trazado":"TZ005","long_est":155.0,"ancho_est":4.0,"area_est":620.0,"esta_oper":1,"eta_oper":1,"tipo_esta":4,"ub_est":"KR 46","num_acc":1,"acc_esp":1,"acc_depr":0,"acc_puent":0,"cod_nodo":4106,"cap_biart":144,"num_vag":2,"cap_art":160,"globalid":"{6E191698-F849-4B58-B023-1136BF7A274D}","created_user":null,"created_date":null,"last_edited_user":null,"last_edited_date":null},"geometry":{"type":"Point","coordinates":[-74.07325476094951,4.677755746127176]}},
{"type":"Feature","properties":{"observ":"Valores de capacidad de buses en proceso de actualización","longitud":-74.11050627,"latitud":4.70982949,"objectid":718,"num_est":"04000","nom_est":"Portal 80","id_trazado":"TZ005","long_est":281.77,"ancho_est":0.0,"area_est":0.0,"esta_oper":1,"eta_oper":1,"tipo_esta":1,"ub_est":"KR 96","num_acc":1,"acc_esp":1,"acc_depr":0,"acc_puent":0,"cod_nodo":4000,"cap_biart":55,"num_vag":1,"cap_art":110,"globalid":"{E9051354-930E-4213-A381-733D35054EED}","created_user":null,"created_date":null,"last_edited_user":null,"last_edited_date":null},"geometry":{"type":"Point","coordinates":[-74.110506268825787,4.709829487984559]}},
{"type":"Feature","properties":{"observ":"Valores de capacidad de buses en proceso de actualización","longitud":-74.107363819999989,"latitud":4.57891519,"objectid":719,"num_est":"09103","nom_est":"Olaya","id_trazado":"TZ012","long_est":76.82,"ancho_est":4.0,"area_est":307.28,"esta_oper":1,"eta_oper":1,"tipo_esta":4,"ub_est":"CL 24 Sur - CL 27 Sur","num_acc":1,"acc_esp":1,"acc_depr":0,"acc_puent":0,"cod_nodo":9103,"cap_biart":120,"num_vag":3,"cap_art":176,"globalid":"{42DE452D-4155-4A6A-B678-25B0F235D789}","created_user":null,"created_date":null,"last_edited_user":null,"last_edited_date":null},"geometry":{"type":"Point","coordinates":[-74.107363824464201,4.578915188912788]}},
{"type":"Feature","properties":{"observ":"Valores de capacidad de buses en proceso de actualización","longitud":-74.12182779,"latitud":4.55706456,"objectid":720,"num_est":"09001","nom_est":"Molinos","id_trazado":"TZ012","long_est":108.12,"ancho_est":4.0,"area_est":432.48,"esta_oper":1,"eta_oper":1,"tipo_esta":2,"ub_est":"KR 9A","num_acc":2,"acc_esp":1,"acc_depr":0,"acc_puent":1,"cod_nodo":9001,"cap_biart":144,"num_vag":2,"cap_art":160,"globalid":"{0A966495-888E-4F89-93F7-8297F2FBFC63}","created_user":null,"created_date":null,"last_edited_user":null,"last_edited_date":null},"geometry":{"type":"Point","coordinates":[-74.121827788868316,4.557064564002366]}},
{"type":"Feature","properties":{"observ":"Valores de capacidad de buses en proceso de actualización","longitud":-74.09392542000001,"latitud":4.58628471,"objectid":721,"num_est":"09106","nom_est":"Nariño","id_trazado":"TZ012","long_est":88.49,"ancho_est":4.0,"area_est":353.96,"esta_oper":1,"eta_oper":1,"tipo_esta":4,"ub_est":"CL 8 Sur - CL 11 Sur","num_acc":1,"acc_esp":1,"acc_depr":0,"acc_puent":0,"cod_nodo":9106,"cap_biart":48,"num_vag":2,"cap_art":96,"globalid":"{1C6915D1-74E0-4A6F-8625-FA78A43FF4EA}","created_user":null,"created_date":null,"last_edited_user":null,"last_edited_date":null},"geometry":{"type":"Point","coordinates":[-74.093925415730666,4.58628470770093]}},
{"type":"Feature","properties":{"observ":"Valores de capacidad de buses en proceso de actualización","longitud":-74.07472334000001,"latitud":4.72745584,"objectid":722,"num_est":"03004","nom_est":"Gratamira","id_trazado":"TZ003","long_est":89.35,"ancho_est":4.0,"area_est":357.4,"esta_oper":1,"eta_oper":1,"tipo_esta":4,"ub_est":"AV Suba - CL 135","num_acc":1,"acc_esp":0,"acc_depr":0,"acc_puent":1,"cod_nodo":3004,"cap_biart":48,"num_vag":2,"cap_art":96,"globalid":"{E25E34DA-F746-4024-AEFC-D0F3A2FA611C}","created_user":null,"created_date":null,"last_edited_user":null,"last_edited_date":null},"geometry":{"type":"Point","coordinates":[-74.074723338548267,4.727455840781251]}},
{"type":"Feature","properties":{"observ":"Valores de capacidad de buses en proceso de actualización","longitud":-74.11867713,"latitud":4.62850646,"objectid":723,"num_est":"05105","nom_est":"Pradera - Plaza Central","id_trazado":"TZ009","long_est":89.61,"ancho_est":3.0,"area_est":268.83,"esta_oper":1,"eta_oper":1,"tipo_esta":4,"ub_est":"AV Americas - KR 64","num_acc":1,"acc_esp":0,"acc_depr":0,"acc_puent":1,"cod_nodo":5105,"cap_biart":72,"num_vag":2,"cap_art":128,"globalid":"{F74970D5-60F3-46E3-928A-84A2646C116D}","created_user":null,"created_date":null,"last_edited_user":null,"last_edited_date":null},"geometry":{"type":"Point","coordinates":[-74.118677132736224,4.628506463940081]}},
{"type":"Feature","properties":{"observ":"Valores de capacidad de buses en proceso de actualización","longitud":-74.07432675,"latitud":4.60606534,"objectid":724,"num_est":"10007","nom_est":"Las Nieves","id_trazado":"TZ018","long_est":130.1,"ancho_est":4.0,"area_est":520.4,"esta_oper":1,"eta_oper":1,"tipo_esta":4,"ub_est":"KR 10 - CL 18","num_acc":2,"acc_esp":2,"acc_depr":0,"acc_puent":0,"cod_nodo":10007,"cap_biart":120,"num_vag":2,"cap_art":144,"globalid":"{14BAD685-EB6E-41DA-A373-E17A52FC81FC}","created_user":null,"created_date":null,"last_edited_user":null,"last_edited_date":null},"geometry":{"type":"Point","coordinates":[-74.074326748938958,4.606065335057134]}},
{"type":"Feature","properties":{"observ":"Valores de capacidad de buses en proceso de actualización","longitud":-74.1171471,"latitud":4.67502466,"objectid":725,"num_est":"06001","nom_est":"Modelia","id_trazado":"TZ016","long_est":96.29,"ancho_est":3.0,"area_est":288.87,"esta_oper":1,"eta_oper":1,"tipo_esta":4,"ub_est":"KR 84","num_acc":1,"acc_esp":0,"acc_depr":0,"acc_puent":1,"cod_nodo":6001,"cap_biart":120,"num_vag":2,"cap_art":140,"globalid":"{81E019AE-0FF9-4A0A-8D9A-B547C6892EA9}","created_user":null,"created_date":null,"last_edited_user":null,"last_edited_date":null},"geometry":{"type":"Point","coordinates":[-74.117147100725333,4.675024658729783]}},
{"type":"Feature","properties":{"observ":"Valores de capacidad de buses en proceso de actualización","longitud":-74.12139802,"latitud":4.68162203,"objectid":726,"num_est":"06000","nom_est":"Portal El Dorado – C.C. Nuestro Bogotá","id_trazado":"TZ016","long_est":706.41,"ancho_est":0.0,"area_est":0.0,"esta_oper":1,"eta_oper":1,"tipo_esta":1,"ub_est":"KR 87","num_acc":1,"acc_esp":0,"acc_depr":0,"acc_puent":1,"cod_nodo":6000,"cap_biart":84,"num_vag":1,"cap_art":132,"globalid":"{A237D38E-2B9A-42E1-B7DD-BF3315B64C82}","created_user":null,"created_date":null,"last_edited_user":null,"last_edited_date":null},"geometry":{"type":"Point","coordinates":[-74.121398016988806,4.681622028944145]}},
{"type":"Feature","properties":{"observ":"Valores de capacidad de buses en proceso de actualización","longitud":-74.07290843,"latitud":4.60115298,"objectid":728,"num_est":"14004","nom_est":"Museo del Oro","id_trazado":"TZ015","long_est":55.63,"ancho_est":0.0,"area_est":0.0,"esta_oper":1,"eta_oper":1,"tipo_esta":4,"ub_est":"KR 2","num_acc":2,"acc_esp":2,"acc_depr":0,"acc_puent":0,"cod_nodo":14004,"cap_biart":72,"num_vag":1,"cap_art":72,"globalid":"{16FA0FDC-A491-4188-9F15-303C06921CDF}","created_user":null,"created_date":null,"last_edited_user":null,"last_edited_date":null},"geometry":{"type":"Point","coordinates":[-74.072908433843708,4.601152978963138]}},
{"type":"Feature","properties":{"observ":"Valores de capacidad de buses en proceso de actualización","longitud":-74.12954496,"latitud":4.59355114,"objectid":729,"num_est":"07006","nom_est":"General Santander","id_trazado":"TZ010","long_est":122.8,"ancho_est":0.0,"area_est":0.0,"esta_oper":1,"eta_oper":1,"tipo_esta":2,"ub_est":"Autosur - KR 43","num_acc":1,"acc_esp":0,"acc_depr":0,"acc_puent":1,"cod_nodo":7006,"cap_biart":192,"num_vag":3,"cap_art":212,"globalid":"{7CBD3916-4C5A-46C9-95E0-74D13B16DFF8}","created_user":null,"created_date":null,"last_edited_user":"editorInfraSTS","last_edited_date":"2026-06-25T15:41:32Z"},"geometry":{"type":"Point","coordinates":[-74.130227336264795,4.593563621920067]}},
{"type":"Feature","properties":{"observ":"Valores de capacidad de buses en proceso de actualización","longitud":-74.09700841,"latitud":4.56571812,"objectid":730,"num_est":"10000","nom_est":"Portal 20 de Julio","id_trazado":"TZ018","long_est":489.11,"ancho_est":0.0,"area_est":0.0,"esta_oper":1,"eta_oper":1,"tipo_esta":1,"ub_est":"KR 5 A CL 33 Sur","num_acc":1,"acc_esp":1,"acc_depr":0,"acc_puent":0,"cod_nodo":10000,"cap_biart":130,"num_vag":1,"cap_art":220,"globalid":"{16548DE9-46F8-4D04-8D2B-9888F6549555}","created_user":null,"created_date":null,"last_edited_user":null,"last_edited_date":null},"geometry":{"type":"Point","coordinates":[-74.097008406005131,4.565718118715743]}},
{"type":"Feature","properties":{"observ":"Valores de capacidad de buses en proceso de actualización","longitud":-74.07117427,"latitud":4.70668982,"objectid":731,"num_est":"03007","nom_est":"Humedal Córdoba","id_trazado":"TZ003","long_est":89.4,"ancho_est":4.0,"area_est":357.6,"esta_oper":1,"eta_oper":1,"tipo_esta":4,"ub_est":"AV Suba - CL 119","num_acc":1,"acc_esp":1,"acc_depr":0,"acc_puent":0,"cod_nodo":3007,"cap_biart":48,"num_vag":2,"cap_art":108,"globalid":"{F0825DA2-7A88-4548-8AEE-F0AEC3A1ACBF}","created_user":null,"created_date":null,"last_edited_user":null,"last_edited_date":null},"geometry":{"type":"Point","coordinates":[-74.071174266135614,4.706689822528658]}},
{"type":"Feature","properties":{"observ":"Valores de capacidad de buses en proceso de actualización","longitud":-74.13541451,"latitud":4.56832656,"objectid":732,"num_est":"08001","nom_est":"Parque","id_trazado":"TZ014","long_est":45.66,"ancho_est":0.0,"area_est":0.0,"esta_oper":1,"eta_oper":1,"tipo_esta":4,"ub_est":"CL 55 Sur","num_acc":2,"acc_esp":2,"acc_depr":0,"acc_puent":0,"cod_nodo":8001,"cap_biart":24,"num_vag":1,"cap_art":36,"globalid":"{68828E79-D7EF-4880-B6F8-DEC08385F0A6}","created_user":null,"created_date":null,"last_edited_user":null,"last_edited_date":null},"geometry":{"type":"Point","coordinates":[-74.135414513207309,4.568326563753448]}},
{"type":"Feature","properties":{"observ":"Valores de capacidad de buses en proceso de actualización","longitud":-74.08701654000001,"latitud":4.58611582,"objectid":733,"num_est":"10004","nom_est":"Policarpa","id_trazado":"TZ018","long_est":123.68,"ancho_est":4.0,"area_est":494.72,"esta_oper":1,"eta_oper":1,"tipo_esta":4,"ub_est":"KR 10 - CL 3 Sur","num_acc":2,"acc_esp":2,"acc_depr":0,"acc_puent":0,"cod_nodo":10004,"cap_biart":120,"num_vag":2,"cap_art":144,"globalid":"{7B5DEC64-2B41-4060-BADA-5BE3D2D253E8}","created_user":null,"created_date":null,"last_edited_user":null,"last_edited_date":null},"geometry":{"type":"Point","coordinates":[-74.087016539187246,4.586115815512399]}},
{"type":"Feature","properties":{"observ":"Valores de capacidad de buses en proceso de actualización","longitud":-74.06921969,"latitud":4.6152449,"objectid":734,"num_est":"10009","nom_est":"Museo Nacional","id_trazado":"TZ019","long_est":123.83,"ancho_est":0.0,"area_est":0.0,"esta_oper":1,"eta_oper":1,"tipo_esta":4,"ub_est":"KR 7 - CL 32","num_acc":1,"acc_esp":0,"acc_depr":1,"acc_puent":0,"cod_nodo":10009,"cap_biart":96,"num_vag":2,"cap_art":144,"globalid":"{84FF1221-F7E2-4C41-A918-819384B78087}","created_user":null,"created_date":null,"last_edited_user":null,"last_edited_date":null},"geometry":{"type":"Point","coordinates":[-74.069219693117873,4.615244902037747]}},
{"type":"Feature","properties":{"observ":"Valores de capacidad de buses en proceso de actualización","longitud":-74.08622629,"latitud":4.59505052,"objectid":735,"num_est":"09108","nom_est":"Hospital","id_trazado":"TZ012","long_est":92.37,"ancho_est":4.0,"area_est":369.48,"esta_oper":1,"eta_oper":3,"tipo_esta":4,"ub_est":"CL 4 - CL 2","num_acc":2,"acc_esp":2,"acc_depr":0,"acc_puent":0,"cod_nodo":9108,"cap_biart":0,"num_vag":2,"cap_art":96,"globalid":"{AC0E7618-8DBB-419A-B435-EE52B2217419}","created_user":null,"created_date":null,"last_edited_user":null,"last_edited_date":null},"geometry":{"type":"Point","coordinates":[-74.086226289024779,4.595050515250533]}},
{"type":"Feature","properties":{"observ":"Valores de capacidad de buses en proceso de actualización","longitud":-74.113280030000013,"latitud":4.66900868,"objectid":736,"num_est":"06002","nom_est":"Normandía","id_trazado":"TZ016","long_est":106.03,"ancho_est":3.0,"area_est":318.09,"esta_oper":1,"eta_oper":1,"tipo_esta":4,"ub_est":"KR 73A","num_acc":1,"acc_esp":0,"acc_depr":0,"acc_puent":1,"cod_nodo":6002,"cap_biart":120,"num_vag":2,"cap_art":140,"globalid":"{505B6C05-54E7-4B6A-8ADD-318794F1E485}","created_user":null,"created_date":null,"last_edited_user":null,"last_edited_date":null},"geometry":{"type":"Point","coordinates":[-74.113280030376359,4.669008681376298]}},
{"type":"Feature","properties":{"observ":"Valores de capacidad de buses en proceso de actualización","longitud":-74.16496973000001,"latitud":4.59578778,"objectid":737,"num_est":"07001","nom_est":"Perdomo","id_trazado":"TZ010","long_est":99.24,"ancho_est":4.0,"area_est":396.96,"esta_oper":1,"eta_oper":1,"tipo_esta":4,"ub_est":"Autosur - KR 78C","num_acc":1,"acc_esp":0,"acc_depr":0,"acc_puent":1,"cod_nodo":7001,"cap_biart":72,"num_vag":2,"cap_art":128,"globalid":"{14996742-4A24-4347-AB25-FA14863B07C9}","created_user":null,"created_date":null,"last_edited_user":null,"last_edited_date":null},"geometry":{"type":"Point","coordinates":[-74.164969729919903,4.595787784538717]}},
{"type":"Feature","properties":{"observ":"Valores de capacidad de buses en proceso de actualización","longitud":-74.090246,"latitud":4.59084725,"objectid":738,"num_est":"09107","nom_est":"Hortúa","id_trazado":"TZ012","long_est":100.45,"ancho_est":4.0,"area_est":401.8,"esta_oper":1,"eta_oper":1,"tipo_esta":4,"ub_est":"CL 1 Sur - CL 3 Sur","num_acc":2,"acc_esp":2,"acc_depr":0,"acc_puent":0,"cod_nodo":9107,"cap_biart":72,"num_vag":2,"cap_art":120,"globalid":"{A8B02A13-9B15-4746-BCE3-618BA8A0800E}","created_user":null,"created_date":null,"last_edited_user":"editorInfraSTS","last_edited_date":"2026-06-25T15:44:39Z"},"geometry":{"type":"Point","coordinates":[-74.090305324948773,4.590774624236426]}},
{"type":"Feature","properties":{"observ":"Valores de capacidad de buses en proceso de actualización","longitud":-74.11939099,"latitud":4.53171458,"objectid":739,"num_est":"09000","nom_est":"Portal Usme","id_trazado":"TZ013","long_est":402.9,"ancho_est":0.0,"area_est":0.0,"esta_oper":1,"eta_oper":1,"tipo_esta":1,"ub_est":"CL 65C Sur","num_acc":1,"acc_esp":1,"acc_depr":0,"acc_puent":0,"cod_nodo":9000,"cap_biart":78,"num_vag":1,"cap_art":132,"globalid":"{76CA460D-24C9-453E-9BE5-C5992F943BB1}","created_user":null,"created_date":null,"last_edited_user":null,"last_edited_date":null},"geometry":{"type":"Point","coordinates":[-74.119390990866108,4.531714583945091]}},
{"type":"Feature","properties":{"observ":"Valores de capacidad de buses en proceso de actualización","longitud":-74.08460127,"latitud":4.69088593,"objectid":740,"num_est":"04103","nom_est":"Ferias","id_trazado":"TZ005","long_est":45.75,"ancho_est":4.0,"area_est":183.0,"esta_oper":1,"eta_oper":1,"tipo_esta":4,"ub_est":"TV 67 Bis","num_acc":1,"acc_esp":0,"acc_depr":0,"acc_puent":1,"cod_nodo":4103,"cap_biart":72,"num_vag":1,"cap_art":80,"globalid":"{366F2B75-D0D7-40B7-94BA-E9D1682A8494}","created_user":null,"created_date":null,"last_edited_user":null,"last_edited_date":null},"geometry":{"type":"Point","coordinates":[-74.084601270289099,4.690885926692645]}},
{"type":"Feature","properties":{"observ":"Valores de capacidad de buses en proceso de actualización","longitud":-74.06678795,"latitud":4.63755905,"objectid":741,"num_est":"09118","nom_est":"Temporal Marly","id_trazado":"TZ001","long_est":176.19,"ancho_est":3.5,"area_est":594.44,"esta_oper":1,"eta_oper":1,"tipo_esta":4,"ub_est":"CL 51 - CL 49","num_acc":2,"acc_esp":2,"acc_depr":0,"acc_puent":0,"cod_nodo":9118,"cap_biart":120,"num_vag":3,"cap_art":200,"globalid":"{D5FFA99F-D4C3-43E5-B9CE-708FE344FAD2}","created_user":null,"created_date":null,"last_edited_user":"editorInfraSTS","last_edited_date":"2026-06-25T15:24:14Z"},"geometry":{"type":"Point","coordinates":[-74.067023986288234,4.636265967008029]}},
{"type":"Feature","properties":{"observ":"Valores de capacidad de buses en proceso de actualización","longitud":-74.164614269999987,"latitud":4.63318028,"objectid":742,"num_est":"05001","nom_est":"Patio Bonito","id_trazado":"TZ009","long_est":199.2,"ancho_est":4.5,"area_est":896.4,"esta_oper":1,"eta_oper":1,"tipo_esta":4,"ub_est":"AV Cali - CL 40 Sur","num_acc":2,"acc_esp":2,"acc_depr":0,"acc_puent":0,"cod_nodo":5001,"cap_biart":144,"num_vag":2,"cap_art":160,"globalid":"{BD2CB5AC-FB32-43B2-BB3C-22EA694316A6}","created_user":null,"created_date":null,"last_edited_user":"editorInfraSTS","last_edited_date":"2026-09-22T20:07:43Z"},"geometry":{"type":"Point","coordinates":[-74.164614266604474,4.633180282913106]}},
{"type":"Feature","properties":{"observ":"Valores de capacidad de buses en proceso de actualización","longitud":-74.1392402,"latitud":4.56957146,"objectid":743,"num_est":"08000","nom_est":"Portal Tunal","id_trazado":"TZ014","long_est":323.17,"ancho_est":0.0,"area_est":0.0,"esta_oper":1,"eta_oper":1,"tipo_esta":1,"ub_est":"AV Boyaca","num_acc":2,"acc_esp":2,"acc_depr":0,"acc_puent":0,"cod_nodo":8000,"cap_biart":64,"num_vag":1,"cap_art":88,"globalid":"{17C6FF6B-F218-4AC1-8594-4089CF516476}","created_user":null,"created_date":null,"last_edited_user":null,"last_edited_date":null},"geometry":{"type":"Point","coordinates":[-74.139240203057142,4.569571464031223]}},
{"type":"Feature","properties":{"observ":"Valores de capacidad de buses en proceso de actualización","longitud":-74.09940175,"latitud":4.58297258,"objectid":744,"num_est":"09105","nom_est":"Fucha","id_trazado":"TZ012","long_est":80.04,"ancho_est":4.0,"area_est":320.16,"esta_oper":1,"eta_oper":1,"tipo_esta":4,"ub_est":"CL 13 Sur - CL 16 Sur","num_acc":1,"acc_esp":1,"acc_depr":0,"acc_puent":0,"cod_nodo":9105,"cap_biart":48,"num_vag":2,"cap_art":96,"globalid":"{91EABD59-BB01-4D2B-A0E4-FCC9C092AF1B}","created_user":null,"created_date":null,"last_edited_user":"editorInfraSTS","last_edited_date":"2026-06-25T15:44:15Z"},"geometry":{"type":"Point","coordinates":[-74.099596369560231,4.582863533953761]}},
{"type":"Feature","properties":{"observ":"Valores de capacidad de buses en proceso de actualización","longitud":-74.09193285,"latitud":4.6968816,"objectid":745,"num_est":"04101","nom_est":"Minuto de Dios","id_trazado":"TZ005","long_est":144.0,"ancho_est":4.0,"area_est":576.0,"esta_oper":1,"eta_oper":1,"tipo_esta":4,"ub_est":"KR 73 A","num_acc":1,"acc_esp":0,"acc_depr":0,"acc_puent":1,"cod_nodo":4101,"cap_biart":144,"num_vag":2,"cap_art":152,"globalid":"{09E88E67-47A1-450F-80E7-1FE3B1B56C1B}","created_user":null,"created_date":null,"last_edited_user":null,"last_edited_date":null},"geometry":{"type":"Point","coordinates":[-74.09193284888886,4.696881601543901]}},
{"type":"Feature","properties":{"observ":"Valores de capacidad de buses en proceso de actualización","longitud":-74.17305846000001,"latitud":4.62938131,"objectid":746,"num_est":"05000","nom_est":"Portal Américas","id_trazado":"TZ009","long_est":369.54,"ancho_est":0.0,"area_est":0.0,"esta_oper":1,"eta_oper":1,"tipo_esta":1,"ub_est":"AV Cali - CL 43 Sur","num_acc":1,"acc_esp":1,"acc_depr":0,"acc_puent":0,"cod_nodo":5000,"cap_biart":144,"num_vag":1,"cap_art":198,"globalid":"{75AC4EE7-BAC6-4492-A2C6-587183F96D2D}","created_user":null,"created_date":null,"last_edited_user":null,"last_edited_date":null},"geometry":{"type":"Point","coordinates":[-74.17305846411314,4.629381310202615]}},
{"type":"Feature","properties":{"observ":"Valores de capacidad de buses en proceso de actualización","longitud":-74.06840144,"latitud":4.60257976,"objectid":747,"num_est":"14005","nom_est":"Las Aguas - Centro Colombo Americano","id_trazado":"TZ015","long_est":61.73,"ancho_est":0.0,"area_est":0.0,"esta_oper":1,"eta_oper":1,"tipo_esta":3,"ub_est":"KR 3","num_acc":3,"acc_esp":2,"acc_depr":1,"acc_puent":0,"cod_nodo":14005,"cap_biart":48,"num_vag":1,"cap_art":72,"globalid":"{7FA1DF3F-49A5-442A-8716-B9830BB5BAC8}","created_user":null,"created_date":null,"last_edited_user":null,"last_edited_date":null},"geometry":{"type":"Point","coordinates":[-74.068401438421191,4.602579756576608]}},
{"type":"Feature","properties":{"observ":"Valores de capacidad de buses en proceso de actualización","longitud":-74.0942789,"latitud":4.74681507,"objectid":748,"num_est":"03000","nom_est":"Portal Suba","id_trazado":"TZ003","long_est":526.68,"ancho_est":0.0,"area_est":0.0,"esta_oper":1,"eta_oper":1,"tipo_esta":1,"ub_est":"AV Suba AV Cali","num_acc":1,"acc_esp":1,"acc_depr":0,"acc_puent":0,"cod_nodo":3000,"cap_biart":128,"num_vag":1,"cap_art":176,"globalid":"{1F0F3DD0-8CB8-491D-8947-9C0DF78251EA}","created_user":null,"created_date":null,"last_edited_user":null,"last_edited_date":null},"geometry":{"type":"Point","coordinates":[-74.094278903620221,4.746815071110087]}},
{"type":"Feature","properties":{"observ":"Valores de capacidad de buses en proceso de actualización","longitud":-74.07471163000001,"latitud":4.72126716,"objectid":749,"num_est":"03005","nom_est":"Suba - AV. Boyacá","id_trazado":"TZ003","long_est":176.75,"ancho_est":4.0,"area_est":707.0,"esta_oper":1,"eta_oper":1,"tipo_esta":4,"ub_est":"AV Suba AV Boyaca","num_acc":2,"acc_esp":0,"acc_depr":2,"acc_puent":0,"cod_nodo":3005,"cap_biart":48,"num_vag":2,"cap_art":96,"globalid":"{1B3DD523-F423-4DAF-A618-6BBE562AA423}","created_user":null,"created_date":null,"last_edited_user":null,"last_edited_date":null},"geometry":{"type":"Point","coordinates":[-74.074711633929098,4.721267158257204]}},
{"type":"Feature","properties":{"observ":"Valores de capacidad de buses en proceso de actualización","longitud":-74.12470872,"latitud":4.57096848,"objectid":750,"num_est":"09004","nom_est":"Santa Lucía","id_trazado":"TZ012","long_est":121.56,"ancho_est":4.0,"area_est":486.24,"esta_oper":1,"eta_oper":1,"tipo_esta":4,"ub_est":"CL 46A Sur - Diagonal 4","num_acc":2,"acc_esp":2,"acc_depr":0,"acc_puent":0,"cod_nodo":9004,"cap_biart":120,"num_vag":2,"cap_art":152,"globalid":"{3918FBF8-1567-42CC-83AE-9807298C2F73}","created_user":null,"created_date":null,"last_edited_user":null,"last_edited_date":null},"geometry":{"type":"Point","coordinates":[-74.124708718984891,4.570968483577163]}},
{"type":"Feature","properties":{"observ":"Valores de capacidad de buses en proceso de actualización","longitud":-74.06717674,"latitud":4.67638966,"objectid":751,"num_est":"03014","nom_est":"San Martín","id_trazado":"TZ003","long_est":89.37,"ancho_est":4.0,"area_est":357.48,"esta_oper":1,"eta_oper":1,"tipo_esta":4,"ub_est":"AV Suba - CL 81","num_acc":1,"acc_esp":1,"acc_depr":0,"acc_puent":0,"cod_nodo":3014,"cap_biart":60,"num_vag":2,"cap_art":132,"globalid":"{FFF94693-C4B3-4931-B371-F5C07D7FEC87}","created_user":null,"created_date":null,"last_edited_user":null,"last_edited_date":null},"geometry":{"type":"Point","coordinates":[-74.067176737814421,4.676389657040512]}},
{"type":"Feature","properties":{"observ":"Valores de capacidad de buses en proceso de actualización","longitud":-74.06731585,"latitud":4.60464623,"objectid":752,"num_est":"06111","nom_est":"Universidades – CityU","id_trazado":"TZ016","long_est":122.85,"ancho_est":4.0,"area_est":491.4,"esta_oper":1,"eta_oper":1,"tipo_esta":3,"ub_est":"KR 3","num_acc":2,"acc_esp":1,"acc_depr":1,"acc_puent":0,"cod_nodo":6111,"cap_biart":120,"num_vag":2,"cap_art":140,"globalid":"{0A5EACCB-31B5-488D-AEA5-8F543A059A33}","created_user":null,"created_date":null,"last_edited_user":null,"last_edited_date":null},"geometry":{"type":"Point","coordinates":[-74.067315846267306,4.604646225337709]}},
{"type":"Feature","properties":{"observ":"Valores de capacidad de buses en proceso de actualización","longitud":-74.10261755,"latitud":4.60167503,"objectid":753,"num_est":"07113","nom_est":"Santa Isabel","id_trazado":"TZ010","long_est":89.26,"ancho_est":4.0,"area_est":357.04,"esta_oper":1,"eta_oper":1,"tipo_esta":4,"ub_est":"KR 30 AV 3","num_acc":1,"acc_esp":1,"acc_depr":0,"acc_puent":0,"cod_nodo":7113,"cap_biart":96,"num_vag":2,"cap_art":144,"globalid":"{47E00D66-07A2-47FD-A08F-14DE053A31B0}","created_user":null,"created_date":null,"last_edited_user":"editorInfraSTS","last_edited_date":"2026-06-25T15:42:30Z"},"geometry":{"type":"Point","coordinates":[-74.102845540815622,4.601487676868069]}},
{"type":"Feature","properties":{"observ":"Valores de capacidad de buses en proceso de actualización","longitud":-74.06321827,"latitud":4.68469464,"objectid":754,"num_est":"03012","nom_est":"Suba - Calle 95","id_trazado":"TZ003","long_est":89.57,"ancho_est":4.0,"area_est":358.28,"esta_oper":1,"eta_oper":1,"tipo_esta":4,"ub_est":"AV Suba - CL 97","num_acc":1,"acc_esp":1,"acc_depr":0,"acc_puent":0,"cod_nodo":3012,"cap_biart":48,"num_vag":2,"cap_art":96,"globalid":"{C8803E6E-6C94-44B7-8A20-2427E5BD2483}","created_user":null,"created_date":null,"last_edited_user":null,"last_edited_date":null},"geometry":{"type":"Point","coordinates":[-74.063218270931145,4.684694637263692]}},
{"type":"Feature","properties":{"observ":"Valores de capacidad de buses en proceso de actualización","longitud":-74.10463943000001,"latitud":4.62566974,"objectid":755,"num_est":"12000","nom_est":"Puente Aranda","id_trazado":"TZ009","long_est":89.2,"ancho_est":4.0,"area_est":356.8,"esta_oper":1,"eta_oper":1,"tipo_esta":4,"ub_est":"CL 13 KR 47","num_acc":1,"acc_esp":1,"acc_depr":0,"acc_puent":0,"cod_nodo":12000,"cap_biart":48,"num_vag":2,"cap_art":120,"globalid":"{E6190A06-D8DE-40FE-B36E-8967ED941750}","created_user":null,"created_date":null,"last_edited_user":null,"last_edited_date":null},"geometry":{"type":"Point","coordinates":[-74.104639433339429,4.625669742217356]}},
{"type":"Feature","properties":{"observ":"Valores de capacidad de buses en proceso de actualización","longitud":-74.11438051,"latitud":4.57680973,"objectid":756,"num_est":"09101","nom_est":"Quiroga","id_trazado":"TZ012","long_est":86.35,"ancho_est":4.0,"area_est":345.4,"esta_oper":1,"eta_oper":1,"tipo_esta":4,"ub_est":"CL 31 Sur - CL 32 Sur","num_acc":1,"acc_esp":1,"acc_depr":0,"acc_puent":0,"cod_nodo":9101,"cap_biart":48,"num_vag":2,"cap_art":96,"globalid":"{440D887E-DDF8-45B9-8BA7-04E59784263C}","created_user":null,"created_date":null,"last_edited_user":null,"last_edited_date":null},"geometry":{"type":"Point","coordinates":[-74.11438050582953,4.57680972493108]}},
{"type":"Feature","properties":{"observ":"Valores de capacidad de buses en proceso de actualización","longitud":-74.06720874,"latitud":4.69340077,"objectid":757,"num_est":"03010","nom_est":"Puentelargo","id_trazado":"TZ003","long_est":89.36,"ancho_est":4.0,"area_est":357.44,"esta_oper":1,"eta_oper":1,"tipo_esta":4,"ub_est":"AV Suba TV 48","num_acc":1,"acc_esp":1,"acc_depr":0,"acc_puent":0,"cod_nodo":3010,"cap_biart":72,"num_vag":2,"cap_art":128,"globalid":"{EF97864A-9AFB-416E-8A52-8924FD5F6857}","created_user":null,"created_date":null,"last_edited_user":null,"last_edited_date":null},"geometry":{"type":"Point","coordinates":[-74.067208739958161,4.693400771058854]}},
{"type":"Feature","properties":{"observ":"Valores de capacidad de buses en proceso de actualización","longitud":-74.07742242,"latitud":4.60102943,"objectid":758,"num_est":"10006","nom_est":"San Victorino","id_trazado":"TZ018","long_est":197.8,"ancho_est":4.0,"area_est":791.2,"esta_oper":1,"eta_oper":1,"tipo_esta":4,"ub_est":"KR 10 - CL 12","num_acc":2,"acc_esp":2,"acc_depr":0,"acc_puent":0,"cod_nodo":10006,"cap_biart":168,"num_vag":3,"cap_art":216,"globalid":"{A6E83DAC-6B01-49DD-A3B6-2B64357E83BB}","created_user":null,"created_date":null,"last_edited_user":null,"last_edited_date":null},"geometry":{"type":"Point","coordinates":[-74.077422424318272,4.601029434184011]}},
{"type":"Feature","properties":{"observ":"Valores de capacidad de buses en proceso de actualización","longitud":-74.15688105000001,"latitud":4.59628094,"objectid":759,"num_est":"07002","nom_est":"CC Paseo Villa del Río - Madelena","id_trazado":"TZ010","long_est":89.25,"ancho_est":4.0,"area_est":357.0,"esta_oper":1,"eta_oper":1,"tipo_esta":4,"ub_est":"Autosur - KR 67","num_acc":1,"acc_esp":0,"acc_depr":0,"acc_puent":1,"cod_nodo":7002,"cap_biart":72,"num_vag":2,"cap_art":132,"globalid":"{407AF5FD-57D5-4678-8EFD-04B9ECE206D8}","created_user":null,"created_date":null,"last_edited_user":null,"last_edited_date":null},"geometry":{"type":"Point","coordinates":[-74.156881054838664,4.596280940258974]}},
{"type":"Feature","properties":{"observ":"Valores de capacidad de buses en proceso de actualización","longitud":-74.20544974,"latitud":4.58596064,"objectid":760,"num_est":"07503","nom_est":"San Mateo - CC Unisur","id_trazado":"TZ011","long_est":123.2,"ancho_est":4.0,"area_est":492.8,"esta_oper":1,"eta_oper":1,"tipo_esta":2,"ub_est":"Soacha","num_acc":3,"acc_esp":0,"acc_depr":0,"acc_puent":3,"cod_nodo":7503,"cap_biart":192,"num_vag":3,"cap_art":232,"globalid":"{14E08452-BF4F-430E-B3F8-E6A4C48C8C44}","created_user":null,"created_date":null,"last_edited_user":"editorInfraSTS","last_edited_date":"2026-06-25T15:45:14Z"},"geometry":{"type":"Point","coordinates":[-74.205126412950889,4.586118444166164]}},
{"type":"Feature","properties":{"observ":"Valores de capacidad de buses en proceso de actualización","longitud":-74.14741029000001,"latitud":4.59510726,"objectid":761,"num_est":"07003","nom_est":"Sevillana","id_trazado":"TZ010","long_est":99.28,"ancho_est":4.0,"area_est":397.12,"esta_oper":1,"eta_oper":1,"tipo_esta":4,"ub_est":"Sevillana","num_acc":1,"acc_esp":0,"acc_depr":0,"acc_puent":1,"cod_nodo":7003,"cap_biart":72,"num_vag":2,"cap_art":132,"globalid":"{4BD36C74-DEE4-44B0-8B3E-B389559CBB73}","created_user":null,"created_date":null,"last_edited_user":null,"last_edited_date":null},"geometry":{"type":"Point","coordinates":[-74.147410287546236,4.595107262813356]}},
{"type":"Feature","properties":{"observ":"Valores de capacidad de buses en proceso de actualización","longitud":-74.06481662,"latitud":4.68035106,"objectid":762,"num_est":"03013","nom_est":"Rionegro","id_trazado":"TZ003","long_est":89.21,"ancho_est":4.0,"area_est":356.84,"esta_oper":1,"eta_oper":1,"tipo_esta":4,"ub_est":"AV Suba - CL 87","num_acc":1,"acc_esp":1,"acc_depr":0,"acc_puent":0,"cod_nodo":3013,"cap_biart":48,"num_vag":2,"cap_art":96,"globalid":"{1CE7758B-5094-4F88-A536-78997B0C573B}","created_user":null,"created_date":null,"last_edited_user":null,"last_edited_date":null},"geometry":{"type":"Point","coordinates":[-74.064816624771879,4.680351057056148]}},
{"type":"Feature","properties":{"observ":"Valores de capacidad de buses en proceso de actualización","longitud":-74.06984394,"latitud":4.69924111,"objectid":763,"num_est":"03009","nom_est":"Suba - Calle 116","id_trazado":"TZ003","long_est":96.6,"ancho_est":4.0,"area_est":386.4,"esta_oper":1,"eta_oper":1,"tipo_esta":4,"ub_est":"AV Suba CLL 114","num_acc":1,"acc_esp":1,"acc_depr":0,"acc_puent":0,"cod_nodo":3009,"cap_biart":72,"num_vag":2,"cap_art":128,"globalid":"{DB8A658B-76F6-4AA3-86B2-6767C747BFDB}","created_user":null,"created_date":null,"last_edited_user":null,"last_edited_date":null},"geometry":{"type":"Point","coordinates":[-74.069843941781457,4.699241108397645]}},
{"type":"Feature","properties":{"observ":"Valores de capacidad de buses en proceso de actualización","longitud":-74.08432732,"latitud":4.59019556,"objectid":764,"num_est":"10010","nom_est":"San Bernardo","id_trazado":"TZ018","long_est":115.71,"ancho_est":4.0,"area_est":462.84,"esta_oper":1,"eta_oper":1,"tipo_esta":4,"ub_est":"KR 10 - CL 1B Sur","num_acc":2,"acc_esp":2,"acc_depr":0,"acc_puent":0,"cod_nodo":10010,"cap_biart":120,"num_vag":2,"cap_art":144,"globalid":"{E2A35373-6994-4E4B-8C2A-490A4A9B0B7D}","created_user":null,"created_date":null,"last_edited_user":null,"last_edited_date":null},"geometry":{"type":"Point","coordinates":[-74.084327321989278,4.590195556533074]}},
{"type":"Feature","properties":{"observ":"Valores de capacidad de buses en proceso de actualización","longitud":-74.11064255000001,"latitud":4.59737051,"objectid":765,"num_est":"07009","nom_est":"SENA","id_trazado":"TZ010","long_est":100.01,"ancho_est":4.0,"area_est":400.04,"esta_oper":1,"eta_oper":3,"tipo_esta":4,"ub_est":"Autosur - CL 17 S","num_acc":1,"acc_esp":0,"acc_depr":0,"acc_puent":1,"cod_nodo":7009,"cap_biart":144,"num_vag":2,"cap_art":160,"globalid":"{D93EA2A6-EC21-44D9-AD30-E6E503AF4642}","created_user":null,"created_date":null,"last_edited_user":null,"last_edited_date":null},"geometry":{"type":"Point","coordinates":[-74.110642547774532,4.59737051091117]}},
{"type":"Feature","properties":{"observ":"Valores de capacidad de buses en proceso de actualización","longitud":-74.08679478,"latitud":4.60973521,"objectid":766,"num_est":"12004","nom_est":"San Facon Carrera 22","id_trazado":"TZ009","long_est":130.16,"ancho_est":4.0,"area_est":520.64,"esta_oper":1,"eta_oper":1,"tipo_esta":4,"ub_est":"AV Americas - KR 22","num_acc":2,"acc_esp":2,"acc_depr":0,"acc_puent":0,"cod_nodo":12004,"cap_biart":120,"num_vag":2,"cap_art":152,"globalid":"{753EA252-4608-4588-80B9-D38636EDD4B6}","created_user":null,"created_date":null,"last_edited_user":null,"last_edited_date":null},"geometry":{"type":"Point","coordinates":[-74.086794781311397,4.609735205577463]}},
{"type":"Feature","properties":{"observ":"Valores de capacidad de buses en proceso de actualización","longitud":-74.12558394,"latitud":4.56465328,"objectid":767,"num_est":"09003","nom_est":"Socorro","id_trazado":"TZ012","long_est":82.4,"ancho_est":4.0,"area_est":329.6,"esta_oper":1,"eta_oper":1,"tipo_esta":4,"ub_est":"KR 13B - KR 13C","num_acc":1,"acc_esp":1,"acc_depr":0,"acc_puent":0,"cod_nodo":9003,"cap_biart":72,"num_vag":2,"cap_art":128,"globalid":"{78094E50-83F4-4060-9DBB-0D0FF5693DE5}","created_user":null,"created_date":null,"last_edited_user":null,"last_edited_date":null},"geometry":{"type":"Point","coordinates":[-74.125583935157678,4.564653275897263]}},
{"type":"Feature","properties":{"observ":"Valores de capacidad de buses en proceso de actualización","longitud":-74.08098652,"latitud":4.73550811,"objectid":768,"num_est":"03003","nom_est":"21 Ángeles","id_trazado":"TZ003","long_est":94.15,"ancho_est":4.0,"area_est":376.6,"esta_oper":1,"eta_oper":1,"tipo_esta":4,"ub_est":"AV Suba - CL 136","num_acc":1,"acc_esp":0,"acc_depr":0,"acc_puent":1,"cod_nodo":3003,"cap_biart":48,"num_vag":2,"cap_art":96,"globalid":"{C63D4D5C-6144-4C20-A73C-CD541B7B5BF2}","created_user":null,"created_date":null,"last_edited_user":null,"last_edited_date":null},"geometry":{"type":"Point","coordinates":[-74.080986522775973,4.73550811160933]}},
{"type":"Feature","properties":{"observ":"Valores de capacidad de buses en proceso de actualización","longitud":-74.06971918,"latitud":4.62157551,"objectid":769,"num_est":"09115","nom_est":"Temporal Calle 34","id_trazado":"TZ001","long_est":150.4,"ancho_est":3.5,"area_est":526.4,"esta_oper":1,"eta_oper":1,"tipo_esta":4,"ub_est":"AV Calle 34 - CL 3","num_acc":2,"acc_esp":2,"acc_depr":0,"acc_puent":0,"cod_nodo":9115,"cap_biart":120,"num_vag":2,"cap_art":200,"globalid":"{FAE8DE61-01BE-4C31-AB0D-1FB7204CC731}","created_user":null,"created_date":null,"last_edited_user":"editorInfraSTS","last_edited_date":"2026-06-25T15:24:50Z"},"geometry":{"type":"Point","coordinates":[-74.070454151834966,4.619894657200409]}},
{"type":"Feature","properties":{"observ":"Valores de capacidad de buses en proceso de actualización","longitud":-74.14264921,"latitud":4.59556283,"objectid":770,"num_est":"07004","nom_est":"Venecia","id_trazado":"TZ010","long_est":105.93,"ancho_est":4.0,"area_est":423.72,"esta_oper":1,"eta_oper":1,"tipo_esta":4,"ub_est":"Autosur - AV 54","num_acc":1,"acc_esp":0,"acc_depr":0,"acc_puent":1,"cod_nodo":7004,"cap_biart":72,"num_vag":2,"cap_art":132,"globalid":"{EA5822A5-2848-4425-8C57-61F537FE4743}","created_user":null,"created_date":null,"last_edited_user":"editorInfraSTS","last_edited_date":"2026-06-25T15:41:06Z"},"geometry":{"type":"Point","coordinates":[-74.142862603797397,4.595541119557523]}},
{"type":"Feature","properties":{"observ":"Valores de capacidad de buses en proceso de actualización","longitud":-74.12085159,"latitud":4.54365433,"objectid":873,"num_est":"9005","nom_est":"Danubio","id_trazado":"TZ013","long_est":199.2,"ancho_est":5.0,"area_est":996.0,"esta_oper":1,"eta_oper":1,"tipo_esta":4,"ub_est":"Av. Calle 51 Sur entre carrera 5 y calle 56 sur","num_acc":2,"acc_esp":2,"acc_depr":0,"acc_puent":0,"cod_nodo":9005,"cap_biart":144,"num_vag":0,"cap_art":160,"globalid":"{F8AB6580-D1AF-485F-843C-304B802F582F}","created_user":null,"created_date":null,"last_edited_user":"editorInfraSTS","last_edited_date":"2026-06-25T15:46:17Z"},"geometry":{"type":"Point","coordinates":[-74.121048422616354,4.54608225841435]}},
{"type":"Feature","properties":{"observ":"Valores de capacidad de buses en proceso de actualización","longitud":-74.16929784,"latitud":4.59693995,"objectid":931,"num_est":"07000","nom_est":"Portal Sur - JFK Coop. Financiera","id_trazado":"TZ010","long_est":416.61,"ancho_est":0.0,"area_est":0.0,"esta_oper":1,"eta_oper":1,"tipo_esta":1,"ub_est":"Autosur - KR 82","num_acc":2,"acc_esp":0,"acc_depr":0,"acc_puent":2,"cod_nodo":7000,"cap_biart":96,"num_vag":1,"cap_art":132,"globalid":"{EE4EE71C-71A1-44A1-B89E-AB79C37A811E}","created_user":null,"created_date":null,"last_edited_user":null,"last_edited_date":null},"geometry":{"type":"Point","coordinates":[-74.169297839534423,4.596939945160861]}},
{"type":"Feature","properties":{"observ":"Valores de capacidad de buses en proceso de actualización","longitud":-74.075541390000012,"latitud":4.61001988,"objectid":933,"num_est":"09113","nom_est":"Temporal Calle 22","id_trazado":"TZ001","long_est":183.7,"ancho_est":3.5,"area_est":642.95,"esta_oper":1,"eta_oper":1,"tipo_esta":4,"ub_est":"CL 24 - CL 22","num_acc":2,"acc_esp":2,"acc_depr":0,"acc_puent":0,"cod_nodo":9113,"cap_biart":120,"num_vag":3,"cap_art":200,"globalid":"{178F9EE6-5856-4D43-ABF5-F82F7544EE56}","created_user":null,"created_date":null,"last_edited_user":"editorInfraSTS","last_edited_date":"2026-06-25T15:25:19Z"},"geometry":{"type":"Point","coordinates":[-74.075820268867403,4.609481671097837]}},
{"type":"Feature","properties":{"observ":"Valores de capacidad de buses en proceso de actualización","longitud":-74.06869679,"latitud":4.62689718,"objectid":934,"num_est":"09116","nom_est":"Temporal AV. 39","id_trazado":"TZ001","long_est":184.0,"ancho_est":3.5,"area_est":644.0,"esta_oper":1,"eta_oper":1,"tipo_esta":4,"ub_est":"AV 39 - AV Calle","num_acc":2,"acc_esp":2,"acc_depr":0,"acc_puent":0,"cod_nodo":9116,"cap_biart":120,"num_vag":3,"cap_art":192,"globalid":"{22AEC82F-3C10-4CB9-B3CB-C1DDBAE0D877}","created_user":"editorInfraSTS","created_date":"2026-05-28T12:49:33Z","last_edited_user":"editorInfraSTS","last_edited_date":"2026-06-25T15:30:13Z"},"geometry":{"type":"Point","coordinates":[-74.068764098138573,4.62653462660227]}},
{"type":"Feature","properties":{"observ":"Valores de capacidad de buses en proceso de actualización","longitud":-74.06300913,"latitud":4.65490299,"objectid":935,"num_est":"09121","nom_est":"Temporal Flores – Areandina","id_trazado":"TZ001","long_est":109.75,"ancho_est":3.5,"area_est":384.125,"esta_oper":1,"eta_oper":1,"tipo_esta":4,"ub_est":"CL 69 - CL 67","num_acc":2,"acc_esp":2,"acc_depr":0,"acc_puent":0,"cod_nodo":9121,"cap_biart":72,"num_vag":2,"cap_art":120,"globalid":"{3995B58E-42AB-4CB5-A9F3-C5E4FB3A8C99}","created_user":"editorInfraSTS","created_date":"2026-05-28T12:59:55Z","last_edited_user":"editorInfraSTS","last_edited_date":"2026-06-25T15:30:49Z"},"geometry":{"type":"Point","coordinates":[-74.063995837607408,4.652760673923601]}},
{"type":"Feature","properties":{"observ":"Valores de capacidad de buses en proceso de actualización","longitud":-74.20605303000001,"latitud":4.60672702,"objectid":1335,"num_est":"5011","nom_est":"Tibanica - Primavera","id_trazado":"TZ022","long_est":199.2,"ancho_est":5.0,"area_est":996.0,"esta_oper":1,"eta_oper":1,"tipo_esta":4,"ub_est":"CL 78 A Y CL 78 F","num_acc":2,"acc_esp":2,"acc_depr":0,"acc_puent":0,"cod_nodo":5011,"cap_biart":144,"num_vag":2,"cap_art":160,"globalid":"{16CFC35B-FB63-40C1-9995-E181EA50018A}","created_user":"editorInfraSTS","created_date":"2026-08-19T21:12:59Z","last_edited_user":"editorInfraSTS","last_edited_date":"2026-08-21T13:51:08Z"},"geometry":{"type":"Point","coordinates":[-74.20606384952211,4.606750488612641]}},
{"type":"Feature","properties":{"observ":"Valores de capacidad de buses en proceso de actualización","longitud":-74.20232841,"latitud":4.61109139,"objectid":1337,"num_est":"5010","nom_est":"Los Laureles","id_trazado":"TZ022","long_est":136.8,"ancho_est":7.0,"area_est":957.6,"esta_oper":1,"eta_oper":1,"tipo_esta":4,"ub_est":"Entre CL 80 J Y CL 81","num_acc":2,"acc_esp":2,"acc_depr":0,"acc_puent":0,"cod_nodo":5010,"cap_biart":144,"num_vag":4,"cap_art":160,"globalid":"{2E2CFE3B-9047-4745-AC2C-8A5A6133B7AE}","created_user":"editorInfraSTS","created_date":"2026-08-19T21:12:58Z","last_edited_user":"editorInfraSTS","last_edited_date":"2026-08-21T13:51:08Z"},"geometry":{"type":"Point","coordinates":[-74.202340392596369,4.611099685179863]}},
{"type":"Feature","properties":{"observ":"Valores de capacidad de buses en proceso de actualización","longitud":-74.19374374,"latitud":4.61434757,"objectid":1338,"num_est":"5009","nom_est":"Islandia","id_trazado":"TZ022","long_est":136.8,"ancho_est":7.0,"area_est":957.6,"esta_oper":1,"eta_oper":1,"tipo_esta":4,"ub_est":"KR 70 A Sur Y CL 69 Sur","num_acc":2,"acc_esp":2,"acc_depr":0,"acc_puent":0,"cod_nodo":5009,"cap_biart":144,"num_vag":4,"cap_art":160,"globalid":"{57544DB6-0880-4517-8764-E15ECB1D7479}","created_user":"editorInfraSTS","created_date":"2026-08-19T21:12:57Z","last_edited_user":"editorInfraSTS","last_edited_date":"2026-08-21T13:51:08Z"},"geometry":{"type":"Point","coordinates":[-74.193756649612979,4.61436236468546]}}
]
}
