{
"type": "FeatureCollection",
"name": "Trazados_Troncales_de_TRANSMILENIO",
"crs": { "type": "name", "properties": { "name": "urn:ogc:def:crs:OGC:1.3:CRS84" } },
"features": [
{"type":"Feature","properties":{"objectid":126,"id_trazado":"TZ002","long_traz":11.8213993,"ori_traz":"Avenida Calle 80","fin_traz":"Terminal","nom_traz":"Autopista Norte","le_troncal":"B","nom_tronc":"Autopista Norte","fase_tronc":"FASE I","eta_oper":1,"esta_oper":1,"tipo_tra":1,"Shape__Length":11832.501677950546,"globalid":"{389107A2-D1E1-491D-A369-B896E8CC112F}"},"geometry":{"type":"MultiLineString","coordinates":[[[-74.060499201888334,4.667029870460503,0.0],[-74.060540109425318,4.666989249876131,0.0],[-74.060629505451786,4.6668966607047,0.0],[-74.060743336748871,4.666778760487637,0.0],[-74.060865551136501,4.666724928957674,0.0],[-74.061020555299166,4.666662125620124,0.0],[-74.061172576676142,4.666656147168468,0.0],[-74.061342480240256,4.666775783991997,0.0],[-74.061452769059173,4.666829622770728,0.0],[-74.061563057895015,4.666883458819175,0.0],[-74.061665230944129,4.666885737279522,0.0]],[[-74.043384939840308,4.769999381588369,0.0],[-74.043430145472499,4.769714901659979,0.0],[-74.043572548285056,4.76881876443823,0.0],[-74.044443703223507,4.763336548323786,0.0],[-74.044619509550301,4.762230181788892,0.0],[-74.045190486657347,4.759559105471133,0.0],[-74.04519567987046,4.759534811512422,0.0],[-74.045743592138919,4.75636827090155,0.0],[-74.045810949823689,4.755978990680456,0.0],[-74.04604464924742,4.754622860218019,0.0],[-74.046334595910324,4.752940324363491,0.0],[-74.046377805576512,4.752689580071612,0.0],[-74.046445747762093,4.752295317941348,0.0],[-74.046609421437097,4.751576179657532,0.0],[-74.046660919029478,4.751349911682522,0.0],[-74.046802157653417,4.750607550625437,0.0],[-74.046859530931954,4.749511206547336,0.0],[-74.046902830869513,4.748471066300356,0.0],[-74.046997846988418,4.747797026201317,0.0],[-74.047050677023918,4.747474688255069,0.0],[-74.047103869759411,4.747246341289959,0.0],[-74.047121931345117,4.747152528357197,0.0],[-74.047187602897452,4.746757316461978,0.0],[-74.047200333133475,4.746489672845795,0.0],[-74.047254847794136,4.746184978881875,0.0],[-74.047645837408339,4.743999661569075,0.0],[-74.047714545596733,4.743487941481713,0.0],[-74.047883640932668,4.742479819777978,0.0],[-74.047941077979814,4.742263785941295,0.0],[-74.048000349511909,4.741915299191302,0.0],[-74.048000747119715,4.741912959765296,0.0],[-74.048693204187117,4.737715067634734,0.0],[-74.048696660924364,4.737694109550163,0.0],[-74.048861018990706,4.736651319693833,0.0],[-74.048865252456096,4.736592500095869,0.0],[-74.049099229920742,4.735201674015677,0.0],[-74.049135891061596,4.735143398328756,0.0],[-74.049226236389487,4.734588554219222,0.0],[-74.049534729877195,4.732693984618115,0.0],[-74.04957464596886,4.732448843825471,0.0],[-74.04965007921686,4.731985575526317,0.0],[-74.049695638848561,4.731600780016033,0.0],[-74.049804755368427,4.730925789311062,0.0],[-74.04981122855385,4.730891064158206,0.0],[-74.049897036063214,4.730430780439411,0.0],[-74.049944745535996,4.730083241549528,0.0],[-74.050021949010969,4.72972263748275,0.0],[-74.050210609993172,4.728615894465173,0.0],[-74.050241417403456,4.728322994042673,0.0],[-74.050405248478057,4.727385873653612,0.0],[-74.050503331899762,4.726850089637862,0.0],[-74.050520520869796,4.72675619422915,0.0],[-74.050591280311181,4.72645366626011,0.0],[-74.050691975357566,4.725830225041281,0.0],[-74.050753262094702,4.725484732114812,0.0],[-74.05077687876242,4.725339122296403,0.0],[-74.050809656672101,4.725150404478646,0.0],[-74.051101327596825,4.7232809989502,0.0],[-74.051124045955063,4.723146227204803,0.0],[-74.051459163017839,4.721158197762578,0.0],[-74.051824943365247,4.718988246832063,0.0],[-74.052558292220198,4.714558425952716,0.0],[-74.053849484954867,4.706758784352393,0.0],[-74.053849486758907,4.70675874365858,0.0],[-74.05413676322577,4.705178731473869,0.0],[-74.054196206058648,4.704854918749912,0.0],[-74.054225163996605,4.704639636465494,0.0],[-74.05423469432786,4.704568780610524,0.0],[-74.054339872618399,4.703966106027876,0.0],[-74.054373532176172,4.703767188251447,0.0],[-74.055083126333528,4.699455907619459,0.0],[-74.055308799801949,4.698126889760766,0.0],[-74.056152178584,4.693160087263228,0.0],[-74.056182433073033,4.692982600439019,0.0],[-74.056269439095132,4.692472187787344,0.0],[-74.056293979007918,4.692419859809769,0.0],[-74.056375651830962,4.691968165543423,0.0],[-74.056427236318299,4.691654459716688,0.0],[-74.056474520098533,4.691417293535045,0.0],[-74.056509985167224,4.691141317682034,0.0],[-74.056515793948904,4.69102696350294,0.0],[-74.05721554053018,4.686921919899834,0.0],[-74.057215707300557,4.686920942346863,0.0],[-74.057712296815879,4.683949437564952,0.0],[-74.057755759644948,4.683689364084038,0.0],[-74.057838250524156,4.683049627558308,0.0],[-74.057918848387942,4.682544031619258,0.0],[-74.058008697809427,4.682175818531737,0.0],[-74.05832791383186,4.680265663717974,0.0],[-74.058528541423414,4.679065123051075,0.0],[-74.058792788903133,4.677465007804289,0.0],[-74.05880312938767,4.677230826401972,0.0],[-74.058875329874141,4.676809720538759,0.0],[-74.059019517096928,4.675997370862644,0.0],[-74.059147138052126,4.675225285969791,0.0],[-74.059268828480754,4.674582389577746,0.0],[-74.059345695546597,4.674116925582172,0.0],[-74.059350324678462,4.67400827567296,0.0],[-74.059438464884465,4.673511602433893,0.0],[-74.059466287355335,4.673386683693639,0.0],[-74.059515721085518,4.673257881499072,0.0],[-74.05954366131202,4.673073537890153,0.0],[-74.059590944467132,4.672769532967936,0.0],[-74.059618550626851,4.672464657592458,0.0],[-74.059643631079325,4.672312786740467,0.0],[-74.059660685203951,4.672209514162286,0.0],[-74.059906459803841,4.67076557370377,0.0],[-74.060137881217543,4.669141770150642,0.0],[-74.060146421231508,4.669091856108019,0.0],[-74.060309951357283,4.668136029647685,0.0],[-74.060499201888334,4.667029870460503,0.0],[-74.060618600800296,4.666331989802639,0.0],[-74.060712178146645,4.665844888533411,0.0]]]}},
{"type":"Feature","properties":{"objectid":127,"id_trazado":"TZ008","long_traz":9.95684642,"ori_traz":"Autopista Norte","fin_traz":"Avenida Calle 6","nom_traz":"NQS Central","le_troncal":"E","nom_tronc":"NQS Central","fase_tronc":"FASE II","eta_oper":1,"esta_oper":1,"tipo_tra":1,"Shape__Length":9951.6554868649109,"globalid":"{1967B834-BD1E-4148-B185-373D9B648750}"},"geometry":{"type":"LineString","coordinates":[[-74.09780267615335,4.606793412531424,0.0],[-74.097854195400117,4.606822612160127,0.0],[-74.097893170136757,4.606830433332344,0.0],[-74.097937712230319,4.606827637733248,0.0],[-74.097993389497589,4.606819814746617,0.0],[-74.098061582969336,4.606788906146813,0.0],[-74.098099450943209,4.606762597744403,0.0],[-74.09811253801341,4.606753505424043,0.0],[-74.098145320270945,4.60672025115499,0.0],[-74.098160718237679,4.606686945843932,0.0],[-74.098170778114422,4.606645369860741,0.0],[-74.098174934972221,4.606599930833044,0.0],[-74.098170507898402,4.606525542351772,0.0],[-74.098154467602768,4.606473004166289,0.0],[-74.098122704851065,4.606420327172559,0.0],[-74.098071971924682,4.606375416043476,0.0],[-74.098064206028482,4.606368541696979,0.0],[-74.097989627952103,4.606350624929819,0.0],[-74.097919411246636,4.606347715068167,0.0],[-74.097862068001959,4.60636672351755,0.0],[-74.097821257510148,4.606389866903661,0.0],[-74.097770593694037,4.60642974845782,0.0],[-74.097734404488847,4.606481401915308,0.0],[-74.097714309651721,4.606523058661573,0.0],[-74.097706642102438,4.606616027460256,0.0],[-74.097721678813926,4.606682383553959,0.0],[-74.097746177544551,4.606725402732358,0.0],[-74.097774017796496,4.606762833173598,0.0],[-74.09780267615335,4.606793412531424,0.0],[-74.097779364587709,4.606823955390794,0.0],[-74.09773616054089,4.606881837036627,0.0],[-74.097697621057463,4.606936896193192,0.0],[-74.097663782123632,4.606986873891761,0.0],[-74.097516062850374,4.607193191155472,0.0],[-74.097215973800488,4.607572615806641,0.0],[-74.096813710727275,4.608083350849866,0.0],[-74.096300485620958,4.608730203656479,0.0],[-74.096065846779155,4.609013165957896,0.0],[-74.095557825145164,4.609637025074883,0.0],[-74.094169788493161,4.611312055030587,0.0],[-74.093865949423375,4.611683784449027,0.0],[-74.093465753070404,4.612173399139866,0.0],[-74.093109876748926,4.612609819262991,0.0],[-74.092689530822696,4.613138667469528,0.0],[-74.092127926726889,4.613797144047664,0.0],[-74.091832310718374,4.614157578471459,0.0],[-74.091820890779758,4.614171474339758,0.0],[-74.090508864667669,4.615767993144048,0.0],[-74.090231953072745,4.616096971906192,0.0],[-74.089653204067631,4.616807235757071,0.0],[-74.089553444556003,4.616921876915299,0.0],[-74.088918904424631,4.6176510737462,0.0],[-74.088388507347943,4.618323921719125,0.0],[-74.08737335943735,4.61957271441218,0.0],[-74.086846829493922,4.620188822896081,0.0],[-74.086567692379887,4.620541513054836,0.0],[-74.086438425307037,4.620692735311309,0.0],[-74.085928607641634,4.621290189673127,0.0],[-74.085684782587904,4.621581961081244,0.0],[-74.085157584842477,4.622220705893312,0.0],[-74.084623171048747,4.622871854802577,0.0],[-74.084289509914456,4.623290182153503,0.0],[-74.0841812050935,4.623415731317321,0.0],[-74.084149544383123,4.623452432150864,0.0],[-74.083827812210117,4.623864396437956,0.0],[-74.083169982256834,4.624601443050614,0.0],[-74.083132208443942,4.624643765984417,0.0],[-74.082894051517997,4.624919218985425,0.0],[-74.082308333939864,4.6255966593179,0.0],[-74.081833936036688,4.626079110169792,0.0],[-74.081589462410562,4.626374635738334,0.0],[-74.081311878555482,4.626736167014032,0.0],[-74.081168362944879,4.626962490434777,0.0],[-74.081090088888701,4.627105124094107,0.0],[-74.080967235696804,4.627328991259986,0.0],[-74.080674628439482,4.627882057092824,0.0],[-74.080513444912896,4.628182678591092,0.0],[-74.080335665260478,4.628545708382039,0.0],[-74.080218995355196,4.628874112754859,0.0],[-74.080148762016336,4.629096286695362,0.0],[-74.08008342347776,4.629382760690766,0.0],[-74.080002614946736,4.629863733794179,0.0],[-74.079933973629849,4.630262855002351,0.0],[-74.079878567831315,4.630668413035802,0.0],[-74.07986113651728,4.630796002232256,0.0],[-74.079810152120245,4.631204603243641,0.0],[-74.079770665080673,4.631711948560451,0.0],[-74.079761427746945,4.631826994036848,0.0],[-74.079666660641536,4.633007213247979,0.0],[-74.079641249888468,4.633215035570943,0.0],[-74.079540245702987,4.634044374242588,0.0],[-74.079511419314173,4.634303824538012,0.0],[-74.079469823806875,4.634783219380666,0.0],[-74.079429944972901,4.635544636899966,0.0],[-74.079413150379224,4.635911804051772,0.0],[-74.079361567613006,4.636581178175905,0.0],[-74.079326179806472,4.63712104779828,0.0],[-74.079318271682851,4.637241693640531,0.0],[-74.079309011109288,4.637489832743048,0.0],[-74.079278720262906,4.637866291692146,0.0],[-74.079235381921833,4.638568976915844,0.0],[-74.079179602816097,4.639336981373024,0.0],[-74.079077422231038,4.641088698890892,0.0],[-74.078962343992956,4.642732340439949,0.0],[-74.078909167535727,4.643270686221927,0.0],[-74.078880570354841,4.643525719773912,0.0],[-74.07885095588712,4.643912713850164,0.0],[-74.078849635582202,4.64392996446928,0.0],[-74.078826400779207,4.644163836247109,0.0],[-74.07879706818558,4.644461205060314,0.0],[-74.07875992790963,4.644711727916455,0.0],[-74.078722496936948,4.64521650745071,0.0],[-74.078710091455562,4.645397563881436,0.0],[-74.078676127531395,4.64589325598735,0.0],[-74.078648564699506,4.646643655091768,0.0],[-74.078580415601706,4.647510120603922,0.0],[-74.078499037080149,4.6486179825737,0.0],[-74.078431864323747,4.649289332328595,0.0],[-74.07838254699341,4.64975881658351,0.0],[-74.078362459109826,4.650039845346436,0.0],[-74.078330801892434,4.650482722059411,0.0],[-74.078295338741512,4.651052043883092,0.0],[-74.078248096863106,4.651573113548488,0.0],[-74.078209367271214,4.652004234217543,0.0],[-74.078200465577936,4.652103320349044,0.0],[-74.078175898348547,4.652469183292657,0.0],[-74.078097552215496,4.653486969481095,0.0],[-74.077985811407189,4.654835852364704,0.0],[-74.077905685514096,4.655640442039664,0.0],[-74.077854214223393,4.656034466056584,0.0],[-74.077777999473582,4.656611921144349,0.0],[-74.07773381934048,4.657060573578252,0.0],[-74.077694428441333,4.657254169999877,0.0],[-74.077686459411382,4.657295279916713,0.0],[-74.07757922260339,4.657848513037047,0.0],[-74.077493359314204,4.658195182834207,0.0],[-74.077396939330512,4.658549139542434,0.0],[-74.077342171633674,4.658750191061649,0.0],[-74.077146948200266,4.659651354453846,0.0],[-74.076966603639789,4.660272875432351,0.0],[-74.076716277040248,4.661210834070802,0.0],[-74.076486817944314,4.662156472926084,0.0],[-74.076208906282957,4.663162238224428,0.0],[-74.076069749611435,4.663669836794865,0.0],[-74.075975893164937,4.664045229008918,0.0],[-74.075801365307754,4.664589949336959,0.0],[-74.075574275560186,4.665060913090809,0.0],[-74.075412157645758,4.665351671610875,0.0],[-74.07525942311554,4.665557101295433,0.0],[-74.074574552882979,4.666352641436107,0.0],[-74.073390199737318,4.667728369447464,0.0],[-74.072227625237502,4.669094775754624,0.0],[-74.071304915066875,4.670151012299509,0.0],[-74.071256443324359,4.670206498477387,0.0],[-74.070421263222727,4.671195037103208,0.0],[-74.070399368859412,4.671219937036589,0.0],[-74.069924350384099,4.671760165492573,0.0],[-74.069330163274316,4.672394532634767,0.0],[-74.06882486175418,4.672849565906004,0.0],[-74.068760378263391,4.672899405201302,0.0],[-74.068278536818383,4.673271819771869,0.0],[-74.067495835151234,4.673791651158227,0.0],[-74.067416208823744,4.673844534920623,0.0],[-74.06633920448327,4.67450239897389,0.0],[-74.06514184708864,4.67518027250601,0.0],[-74.064443169453085,4.675611154981965,0.0],[-74.063986195053189,4.675892975148428,0.0],[-74.062997658436203,4.676456458398956,0.0],[-74.062390841479413,4.67678316067931,0.0],[-74.060803372228946,4.677703354937354,0.0],[-74.059664556989304,4.67837892346049,0.0],[-74.059062503102695,4.678732574974601,0.0],[-74.058988483835833,4.678805716245991,0.0],[-74.058940491453143,4.678875270806294,0.0],[-74.058927071492249,4.678929305626165,0.0],[-74.058901084283818,4.679033937104724,0.0],[-74.058879667306428,4.679182085861187,0.0],[-74.058854691188714,4.679360506265026,0.0],[-74.058814901512775,4.679598759875671,0.0],[-74.058797325984088,4.679673590070268,0.0],[-74.058769475450134,4.679755289120253,0.0],[-74.058737493506527,4.679831129040278,0.0],[-74.058694512890426,4.679910731492733,0.0],[-74.058655719755734,4.679954765774521,0.0],[-74.058592811232288,4.680006073664164,0.0],[-74.058514227642135,4.680077568916302,0.0],[-74.058424663089582,4.680163964158973,0.0],[-74.05832791383186,4.680265663717974,0.0]]}},
{"type":"Feature","properties":{"objectid":128,"id_trazado":"TZ009","long_traz":13.09255757,"ori_traz":"Avenida Caracas","fin_traz":"Portal Americas","nom_traz":"Americas","le_troncal":"F","nom_tronc":"Americas","fase_tronc":"FASE II","eta_oper":1,"esta_oper":1,"tipo_tra":1,"Shape__Length":13008.320290368587,"globalid":"{2526622E-0F8F-4018-8146-84FF6DE5FC65}"},"geometry":{"type":"MultiLineString","coordinates":[[[-74.14689480874911,4.6313935198909,0.0],[-74.146696599741176,4.631377162263875,0.0],[-74.146334500254866,4.631347281227119,0.0],[-74.145769962596106,4.631294536922991,0.0],[-74.144996728982505,4.631222294398518,0.0],[-74.144782860552084,4.631200608631103,0.0],[-74.143282700855906,4.631061902037712,0.0],[-74.1419571222619,4.630924199140237,0.0],[-74.141298171807335,4.630863657469235,0.0],[-74.141170839464834,4.630851959035676,0.0],[-74.139754690544663,4.630689569775616,0.0],[-74.139164118994316,4.630617219751169,0.0],[-74.137845058411642,4.630485988838759,0.0],[-74.136474559795801,4.630371607041584,0.0],[-74.134224570702074,4.630117798427176,0.0],[-74.134120526537103,4.630106061585224,0.0],[-74.132246973431691,4.62989674013038,0.0],[-74.131621649949395,4.6298268751383,0.0],[-74.130681770984566,4.629733985158428,0.0],[-74.130163846324749,4.629677230521839,0.0],[-74.128678149990051,4.629514424488898,0.0],[-74.127509850261276,4.629425029267211,0.0],[-74.126703168685069,4.629333396926542,0.0],[-74.126221093338827,4.629280965834515,0.0],[-74.125671161892271,4.629249939532039,0.0],[-74.12476390050999,4.629204218208799,0.0],[-74.122659907165527,4.629063168395375,0.0],[-74.122450852746255,4.629044135127232,0.0],[-74.122247213890475,4.629025594303759,0.0],[-74.119714113787154,4.628671728820498,0.0],[-74.119168854431891,4.628583960761728,0.0],[-74.118678967666455,4.628506753212559,0.0],[-74.118677132736224,4.628506463940081,0.0],[-74.117940218208389,4.628390322474466,0.0],[-74.117430652355154,4.62834537825494,0.0],[-74.11451196257417,4.628120623205249,0.0],[-74.113659352848615,4.628033462835474,0.0],[-74.11352021251426,4.628021164981041,0.0],[-74.111584106800223,4.627850045092682,0.0],[-74.111569583356598,4.627848761671338,0.0],[-74.109555720501291,4.627706425062883,0.0],[-74.108102845203462,4.627534108839016,0.0],[-74.108018026458041,4.627532598685096,0.0],[-74.107873576658363,4.627530027613089,0.0],[-74.107798384044884,4.627529862633427,0.0],[-74.107511715804279,4.627522390772439,0.0],[-74.107423897544749,4.62751584095346,0.0],[-74.107240731202083,4.62750218002248,0.0],[-74.106990102468373,4.62745284048784,0.0],[-74.106678234653501,4.627395784198351,0.0],[-74.106415716631503,4.627316947253252,0.0],[-74.106205608812587,4.627234111035872,0.0],[-74.106060625955863,4.627151752320296,0.0],[-74.10586895201655,4.626955020996759,0.0],[-74.105660208177113,4.62671867608254,0.0],[-74.105246448709011,4.626253706917419,0.0],[-74.105091772755443,4.626084433307424,0.0],[-74.104929166683831,4.625931917743857,0.0],[-74.104685486021566,4.625711099083389,0.0],[-74.104639433339429,4.625669742217356,0.0],[-74.104431615022449,4.625483117682293,0.0],[-74.103929339971714,4.625040624098347,0.0],[-74.103375509915622,4.624526896794612,0.0],[-74.102965561992249,4.624142933331158,0.0],[-74.102356465962032,4.623616927563235,0.0],[-74.101943129746175,4.623237485163181,0.0],[-74.101437877909888,4.62278153734826,0.0],[-74.101435492288644,4.622779385170058,0.0],[-74.100907135821913,4.622307409749271,0.0],[-74.100508011431373,4.621948443226194,0.0],[-74.100311615368042,4.6217822409317,0.0],[-74.099482071889483,4.621024144798066,0.0],[-74.098686107941646,4.620325258204576,0.0],[-74.096797796214233,4.618667238868688,0.0],[-74.096484877891726,4.618379850185184,0.0],[-74.095970187343383,4.617891611126415,0.0],[-74.094376560280722,4.616512597966296,0.0],[-74.094016845631785,4.616197770687402,0.0],[-74.093949540264461,4.616136161567741,0.0],[-74.093567858010474,4.615786782664641,0.0],[-74.093428370288834,4.615633940128945,0.0],[-74.092761831822827,4.615043435396873,0.0],[-74.092500243932321,4.614808019064762,0.0],[-74.091820890779758,4.614171474339758,0.0],[-74.091818539461471,4.614169271486336,0.0],[-74.091116817774946,4.613592203941799,0.0],[-74.090779423854244,4.613283961557626,0.0],[-74.090476497963621,4.613017976820533,0.0],[-74.090338760373172,4.612897036807895,0.0],[-74.089991655691307,4.612592481996009,0.0],[-74.08983926308855,4.612440966491949,0.0],[-74.089504740749064,4.612139907283666,0.0],[-74.08922639800312,4.611860421131229,0.0],[-74.088698549950493,4.611402072504287,0.0],[-74.088233370013,4.610991814685238,0.0],[-74.087868925547511,4.61065422641228,0.0],[-74.087472743186723,4.610297701221973,0.0],[-74.087169282632175,4.610029032867364,0.0],[-74.086794781311397,4.609735205577463,0.0],[-74.086675577827819,4.609641679684331,0.0],[-74.086159646463784,4.609209610062329,0.0],[-74.085903100775042,4.608985319638093,0.0],[-74.085481148781724,4.608579935514568,0.0],[-74.085228752652668,4.608351344797486,0.0],[-74.084833303907416,4.608008965138547,0.0],[-74.084601523530765,4.607800296854252,0.0],[-74.084393464207594,4.607613779358282,0.0],[-74.084185680761948,4.607427198495913,0.0],[-74.083890148838464,4.607164950152057,0.0],[-74.083477789935884,4.606787052162723,0.0],[-74.083373570017329,4.606702124672801,0.0],[-74.083126345549118,4.606486453042332,0.0],[-74.082546733324037,4.605965718993946,0.0],[-74.082252923243743,4.605739286987679,0.0],[-74.081916009131007,4.605439997508465,0.0],[-74.081894271033633,4.605421100257434,0.0],[-74.081537952410073,4.605111351455279,0.0],[-74.080820855873384,4.604458710330922,0.0],[-74.079863928240187,4.603655204010173,0.0]],[[-74.150032222572264,4.632435540300057,0.0],[-74.150049308604167,4.632359307062952,0.0],[-74.149960758904541,4.6322149575953,0.0],[-74.149872209241011,4.632070607211118,0.0],[-74.149774308847924,4.631895507628744,0.0],[-74.149676409404705,4.631720408031097,0.0],[-74.149562508885751,4.631539906799278,0.0],[-74.149447562233405,4.63140544314921,0.0],[-74.149362591875388,4.631317499544088,0.0],[-74.149261049946048,4.631224214044516,0.0],[-74.149130868578979,4.631104618735045,0.0],[-74.148963009363257,4.630950408428843,0.0],[-74.148793308947802,4.630831757528238,0.0],[-74.148712165860331,4.630793574899408,0.0],[-74.148625009348379,4.630760608019194,0.0],[-74.148485509153772,4.630747207503766,0.0],[-74.148374509151097,4.630746608225328,0.0],[-74.148286016544162,4.630763189464178,0.0],[-74.148206308978288,4.630786707677182,0.0],[-74.148157809023274,4.630806007777532,0.0],[-74.148095308993547,4.630840906804002,0.0],[-74.148047354579035,4.630890517491648,0.0],[-74.147659408666314,4.631180306822826,0.0],[-74.147446307832638,4.631312556079501,0.0],[-74.147250077647755,4.631348270367456,0.0],[-74.14689480874911,4.6313935198909,0.0]],[[-74.150032222572264,4.632435540300057,0.0],[-74.14992310876795,4.63247200872276,0.0],[-74.149825908861402,4.632388507495411,0.0],[-74.149655609408143,4.632250807595006,0.0],[-74.149438658752203,4.632126457295359,0.0],[-74.149212308828908,4.632043606646015,0.0],[-74.148971352669932,4.632006482907929,0.0],[-74.148700708773873,4.631968708261219,0.0],[-74.148436883769406,4.63193188325582,0.0],[-74.148259815792159,4.631896980176953,0.0],[-74.148086701873936,4.631856110928513,0.0],[-74.147793304046203,4.631777080887369,0.0],[-74.147594602235387,4.631717977753175,0.0],[-74.147267558630702,4.631620908040722,0.0],[-74.147134981100677,4.631556329889468,0.0],[-74.147022404807132,4.631510627210059,0.0],[-74.14689480874911,4.6313935198909,0.0]],[[-74.173550293866484,4.627220973089718,0.0],[-74.173359441365818,4.627298200734376,0.0],[-74.173297088135129,4.627320595347869,0.0],[-74.17269624664749,4.627536395733487,0.0],[-74.17264680290819,4.627554153969754,0.0],[-74.172350009911398,4.627675528577146,0.0],[-74.172226548673237,4.627726018221146,0.0],[-74.172172585710427,4.627747414160857,0.0],[-74.172062378875054,4.627791110641991,0.0],[-74.171933582374564,4.627842177897572,0.0],[-74.171697070484853,4.627947568664093,0.0],[-74.171373507231323,4.628091750393537,0.0],[-74.171333896801741,4.628109727886349,0.0],[-74.171333871568748,4.628109739645717,0.0],[-74.171090406254208,4.628220241385185,0.0],[-74.17090330004973,4.628314383887837,0.0],[-74.170780677307263,4.628376081180042,0.0],[-74.170662653843877,4.628447012650973,0.0],[-74.170525013843033,4.62852973344702,0.0],[-74.170250488840736,4.628701041114734,0.0],[-74.170004935913951,4.62885335439848,0.0],[-74.169930054798854,4.628899802267687,0.0],[-74.169846539525594,4.628950695031206,0.0],[-74.169818623298113,4.628967706920661,0.0],[-74.169702919456981,4.629038955344067,0.0],[-74.169702814922104,4.629039019563639,0.0],[-74.169674608536454,4.629056388687443,0.0],[-74.169469668596903,4.629187788869013,0.0],[-74.169369977776057,4.629251706635867,0.0],[-74.169243380274409,4.629341266851816,0.0],[-74.169025190462946,4.629495622704455,0.0],[-74.168810051191045,4.629656650994688,0.0],[-74.168789881704413,4.629671921049251,0.0],[-74.168602603356064,4.629813703791461,0.0],[-74.168273244449097,4.630063051507086,0.0],[-74.167968720385346,4.630288882049215,0.0],[-74.167924995634891,4.630321308028099,0.0],[-74.167422866878582,4.6307587863883,0.0],[-74.167422814612564,4.630758831610412,0.0],[-74.166805735094883,4.631296460108987,0.0],[-74.166607442170033,4.631469221738513,0.0],[-74.166347387459851,4.631679118393235,0.0],[-74.166025075015654,4.631939265264315,0.0],[-74.165962673243058,4.631989631338842,0.0],[-74.165877295857015,4.632066300303784,0.0],[-74.165866264128454,4.632076206580917,0.0],[-74.165561518442004,4.632337750919636,0.0],[-74.165561496814504,4.632337769008518,0.0],[-74.165327319449005,4.632538748295834,0.0],[-74.165236075026144,4.632616740917797,0.0],[-74.164820137394017,4.632972270020374,0.0],[-74.164692389370856,4.63310433572717,0.0],[-74.164614266604474,4.633180282913106,0.0],[-74.164512745912162,4.633278976346779,0.0],[-74.164511119367745,4.633280558183736,0.0],[-74.164411452842486,4.633367317206595,0.0],[-74.1644112861309,4.633367462820861,0.0],[-74.164225142158514,4.63352949990636,0.0],[-74.164182648569152,4.633565523753117,0.0],[-74.163997202367554,4.63372273620455,0.0],[-74.163936147817765,4.633774495478907,0.0],[-74.163856837596924,4.63383999705236,0.0],[-74.163511561762988,4.634125156985878,0.0],[-74.162952607342874,4.634595278371401,0.0],[-74.162943624723425,4.63460323647397,0.0],[-74.162703494575752,4.634815977976183,0.0],[-74.162457888015453,4.635033569866717,0.0],[-74.16245577214201,4.63503560391245,0.0],[-74.162169786683748,4.635310535568784,0.0],[-74.162136528334059,4.635342508691425,0.0],[-74.161802471638978,4.635658839806308,0.0],[-74.161751894154847,4.635706733531866,0.0],[-74.161521021071323,4.635929004953847,0.0],[-74.161371102763567,4.636073336947648,0.0],[-74.161335221125796,4.6361078821999,0.0],[-74.160936467168767,4.636486910915957,0.0],[-74.160866244087572,4.636548788423399,0.0],[-74.160436275912858,4.636927658672998,0.0],[-74.160299274794539,4.637049459871501,0.0],[-74.16024102616791,4.637101245632172,0.0],[-74.160149234865415,4.63718285400474,0.0],[-74.1600594422966,4.637262684260082,0.0],[-74.159971935930557,4.637340482254518,0.0],[-74.159810538653744,4.637483972446362,0.0],[-74.159728518136191,4.637554174478934,0.0],[-74.159622979224778,4.637644504638001,0.0],[-74.159456275668148,4.637807052778906,0.0],[-74.159430395702529,4.637832286912182,0.0],[-74.159402570164161,4.637859418510814,0.0],[-74.159384623871276,4.63787691716588,0.0],[-74.159374141758065,4.637887138883536,0.0],[-74.159361330185661,4.637899630687099,0.0],[-74.159356112558442,4.637904718031029,0.0],[-74.159340574895609,4.637918761944724,0.0],[-74.159325636498252,4.637932264107451,0.0],[-74.15931252022996,4.637944120216104,0.0],[-74.159299497680919,4.637955890404266,0.0],[-74.159284573700475,4.637969379904153,0.0],[-74.159268288979575,4.637984098517451,0.0],[-74.159247425503622,4.63800295668354,0.0],[-74.159222323907329,4.63802564508885,0.0],[-74.15920223632115,4.638043802324213,0.0],[-74.159183042677057,4.638061151003205,0.0],[-74.159181893707114,4.63806218385718,0.0],[-74.159167165256633,4.638075360441036,0.0],[-74.159150014504519,4.638090697699278,0.0],[-74.159133405344861,4.638105550184789,0.0],[-74.159119871821474,4.638117652310228,0.0],[-74.159094486326083,4.638140354308518,0.0],[-74.15907949653716,4.638153758806662,0.0],[-74.159057198391508,4.638173698686725,0.0],[-74.159029251813095,4.638198689785006,0.0],[-74.159010787172804,4.638215201889236,0.0],[-74.158992096342089,4.638231916584358,0.0],[-74.158956453904892,4.638263789456411,0.0],[-74.158917365451771,4.638298744609683,0.0],[-74.158867241461948,4.63834356885426,0.0],[-74.158808178917013,4.638396385504838,0.0],[-74.158679381427746,4.638511561384552,0.0],[-74.158676279653577,4.638514332544477,0.0],[-74.158600004109317,4.638582407756648,0.0],[-74.158552573621591,4.63862473939377,0.0],[-74.158489846921341,4.63868072332945,0.0],[-74.15843791334764,4.638727073321162,0.0],[-74.15838978354401,4.638770029001016,0.0],[-74.158321324567822,4.638831128351332,0.0],[-74.158300943895981,4.63884810185426,0.0],[-74.158184897687491,4.638944749603603,0.0],[-74.158020976303717,4.639081269265848,0.0],[-74.157968077174445,4.639125325101208,0.0],[-74.15791496987012,4.639169554583751,0.0],[-74.157882317147354,4.639196749070474,0.0],[-74.157821896897204,4.639247068996672,0.0],[-74.157745815329733,4.639310432645018,0.0],[-74.157734136233827,4.639319935548924,0.0],[-74.157648216468075,4.639389845694737,0.0],[-74.157494359640111,4.639515035812745,0.0],[-74.15740543534136,4.639587391521899,0.0],[-74.157307967973608,4.639666697801902,0.0],[-74.157277158919513,4.639691766021703,0.0],[-74.15706851830781,4.639861883795588,0.0],[-74.156864648371027,4.640028111538567,0.0],[-74.156813459575233,4.640071327897471,0.0],[-74.156617827714712,4.640236490272667,0.0],[-74.156524450235651,4.640293268741456,0.0]],[[-74.156095470413447,4.640352198014877,0.0],[-74.1560727397639,4.640284717375832,0.0],[-74.155357908207336,4.638765014483449,0.0],[-74.155002207636585,4.638028827403481,0.0],[-74.154353197413684,4.636773811054603,0.0],[-74.154076731486683,4.636328405427616,0.0],[-74.1538747472365,4.63601616656006,0.0],[-74.153527181066195,4.635646793668831,0.0],[-74.153403160465828,4.63552338595414,0.0],[-74.152067836209625,4.634194653572966,0.0],[-74.151296128280848,4.633426752465417,0.0],[-74.15068461645761,4.632931172141451,0.0],[-74.150284814034535,4.632676500170265,0.0],[-74.150032222572264,4.632435540300057,0.0]],[[-74.156524450235651,4.640293268741456,0.0],[-74.156600373380996,4.640375507158346,0.0],[-74.156591563162792,4.640476203877405,0.0],[-74.156582986931809,4.640581986404737,0.0],[-74.156569268797938,4.64062861321852,0.0],[-74.156552417157314,4.6406683866237,0.0],[-74.156532212942878,4.64070073692981,0.0],[-74.15649508276951,4.640736756103568,0.0],[-74.156425464727093,4.640776151077826,0.0],[-74.156382213155268,4.640786890062807,0.0],[-74.156335707585853,4.640793251647875,0.0],[-74.156315541337079,4.640794239597,0.0],[-74.156269953382022,4.640785634758352,0.0],[-74.156242967884339,4.640774919896958,0.0],[-74.15622020830196,4.640763806667199,0.0],[-74.156165380910736,4.640732312978039,0.0],[-74.156137193792432,4.640694826173022,0.0],[-74.156106014209556,4.640630004241883,0.0],[-74.156097897109845,4.64059335168572,0.0],[-74.156098022414469,4.640487695803133,0.0],[-74.156098094998953,4.640426884619044,0.0],[-74.156095470413447,4.640352198014877,0.0],[-74.156235822842405,4.640263009348566,0.0],[-74.156284180388212,4.640296790753277,0.0],[-74.15633303341852,4.640312456073218,0.0],[-74.156400243008008,4.64031928062018,0.0],[-74.156458730689664,4.640313280319129,0.0],[-74.156524450235651,4.640293268741456,0.0]]]}},
{"type":"Feature","properties":{"objectid":129,"id_trazado":"TZ015","long_traz":1.9319687,"ori_traz":"Carrera 3","fin_traz":"Avenida Caracas","nom_traz":"Eje Ambiental","le_troncal":"J","nom_tronc":"Eje Ambiental","fase_tronc":"FASE I","eta_oper":1,"esta_oper":1,"tipo_tra":1,"Shape__Length":1934.2702627418425,"globalid":"{6C1B642D-F281-4915-A52A-2CBC873FAFDD}"},"geometry":{"type":"MultiLineString","coordinates":[[[-74.068975725991677,4.601051687884284,0.0],[-74.068582549358297,4.601207721026438,0.0],[-74.068614374411837,4.601202454717359,0.0],[-74.068701625003513,4.601203933446418,0.0],[-74.06878229884876,4.601261927001784,0.0],[-74.068862408560477,4.601319514505428,0.0]],[[-74.068975725991677,4.601051687884284,0.0],[-74.068862408560477,4.601319514505428,0.0]],[[-74.068582934170777,4.601207725552813,0.0],[-74.068502024882136,4.601241536722947,0.0],[-74.068176678633876,4.601541421961419,0.0],[-74.067757012677134,4.60201994787973,0.0],[-74.067547175608865,4.602441052763115,0.0],[-74.067509023694456,4.602536759077499,0.0],[-74.067800840936656,4.602741741481299,0.0],[-74.067890530442511,4.60280474242829,0.0],[-74.068056975842438,4.60310544343302,0.0],[-74.068133282199582,4.602988991796246,0.0],[-74.068401438421191,4.602579756576608,0.0],[-74.06869722984645,4.602010499239534,0.0],[-74.068843718931205,4.601363688967361,0.0],[-74.068862408560477,4.601319514505428,0.0]],[[-74.079863928240187,4.603655204010173,0.0],[-74.079853690544127,4.603647474898093,0.0],[-74.07954532511404,4.603414675455767,0.0],[-74.079092783370839,4.60305325063616,0.0],[-74.079004727613736,4.602982924369698,0.0],[-74.078852900884698,4.602859593835268,0.0],[-74.078355866566184,4.602469935129939,0.0],[-74.078211678630026,4.602332678058175,0.0],[-74.078145478122565,4.602299608371262,0.0],[-74.07807001596808,4.602261912230417,0.0],[-74.077903229640725,4.602198401675968,0.0],[-74.077684079936077,4.602155492206415,0.0],[-74.077545776142017,4.60214148173667,0.0],[-74.077040292226243,4.602126063985556,0.0],[-74.076666808147309,4.602166320855523,0.0],[-74.076665403173976,4.602166442935844,0.0],[-74.076190006669336,4.60220769688261,0.0],[-74.075911276657081,4.602241712874814,0.0],[-74.075512016269826,4.602287066681394,0.0],[-74.075204570348291,4.602306860216357,0.0],[-74.07500262551666,4.602291552261593,0.0],[-74.074892012063771,4.602279707197972,0.0],[-74.074768785498136,4.602241149625799,0.0],[-74.074605240217423,4.602170674211793,0.0],[-74.074255026997278,4.601970382276472,0.0],[-74.073737539200977,4.601626087718303,0.0],[-74.07318015642791,4.60132031076362,0.0],[-74.072908433843708,4.601152978963138,0.0],[-74.072643234245149,4.600989664052494,0.0],[-74.072349114003131,4.600876363564285,0.0],[-74.072056489549382,4.600802039676062,0.0],[-74.071193868089267,4.600620482157629,0.0],[-74.071001082674471,4.60060917562917,0.0],[-74.070802304566655,4.600664495012726,0.0],[-74.070640940387634,4.600745693371642,0.0],[-74.07054343206002,4.60077836608659,0.0],[-74.070438579951158,4.600800391357041,0.0],[-74.07032774676297,4.600803402507806,0.0],[-74.070143325195659,4.600806959087635,0.0],[-74.069673430452724,4.600820114509618,0.0],[-74.0694260363815,4.600846416343276,0.0],[-74.069246249262306,4.600885341252233,0.0],[-74.069130843771106,4.600930960586558,0.0],[-74.069060784824146,4.600978648600992,0.0],[-74.068975725991677,4.601051687884284,0.0]]]}},
{"type":"Feature","properties":{"objectid":130,"id_trazado":"TZ018","long_traz":6.4881783,"ori_traz":"Portal 20 De Julio","fin_traz":"San Diego","nom_traz":"Carrera 10","le_troncal":"L","nom_tronc":"Carrera 10","fase_tronc":"FASE III","eta_oper":1,"esta_oper":1,"tipo_tra":1,"Shape__Length":6481.0015386686318,"globalid":"{FEE4E75E-9F33-496D-881E-45DBA0EE46BF}"},"geometry":{"type":"MultiLineString","coordinates":[[[-74.081392302455185,4.594657306509409,0.0],[-74.081448969704127,4.594545931230632,0.0],[-74.081835423785293,4.594020771957304,0.0],[-74.082050471413822,4.593728539735648,0.0],[-74.082380140884595,4.593242962218194,0.0],[-74.082693993469093,4.592804481187144,0.0],[-74.08288614817009,4.592485451414983,0.0],[-74.082922994638636,4.59242427538404,0.0],[-74.083229502224597,4.591920222553796,0.0],[-74.083381066670626,4.591679426742437,0.0],[-74.083599577571434,4.591332269757445,0.0],[-74.084052817149143,4.590610073702808,0.0],[-74.084327321989278,4.590195556533074,0.0],[-74.084368474978419,4.590133413673907,0.0],[-74.084682272415435,4.589664150784968,0.0],[-74.084915679441863,4.589304464900001,0.0],[-74.085585628772421,4.588263091573771,0.0],[-74.086190672711666,4.587348688223362,0.0],[-74.086657254285683,4.586673891570712,0.0],[-74.086942819503079,4.586226955457671,0.0],[-74.087016539187246,4.586115815512399,0.0],[-74.087287040353672,4.585708005393844,0.0],[-74.087650660690869,4.585208663067097,0.0],[-74.087970689115721,4.584802371219032,0.0],[-74.089189149420946,4.583108419626518,0.0],[-74.089843810435227,4.582194024917307,0.0],[-74.090102467709031,4.581873933020187,0.0],[-74.090351598223464,4.581542540921835,0.0],[-74.090380108940053,4.581504616297075,0.0],[-74.090503173090767,4.581333390823832,0.0],[-74.090734441287893,4.581015213616869,0.0],[-74.091010481477696,4.580651207693196,0.0],[-74.091364004087936,4.580180739182164,0.0],[-74.091623530697419,4.579824899268322,0.0],[-74.092371564687454,4.578802385359104,0.0],[-74.092780784778881,4.57818844864939,0.0],[-74.093108419500112,4.577745985429324,0.0],[-74.093405197645566,4.577339741325569,0.0],[-74.093709404831799,4.576939314363686,0.0],[-74.093816857124807,4.57679787487285,0.0],[-74.094043576144202,4.576485739278962,0.0],[-74.094376360244922,4.576036744405075,0.0],[-74.094656775234071,4.575662961324155,0.0],[-74.094966944999925,4.57530193543415,0.0],[-74.095303204591104,4.574958721890233,0.0],[-74.095639544430881,4.574594187228151,0.0],[-74.095893579559856,4.574338157455668,0.0],[-74.096291989530968,4.573912030026738,0.0],[-74.096886329938684,4.573266014614412,0.0],[-74.097205082120198,4.572940418439388,0.0],[-74.097445573763494,4.572697165501628,0.0],[-74.097913915937909,4.572210693200835,0.0],[-74.098146633315295,4.571955344172732,0.0],[-74.09826265907094,4.571831443784554,0.0],[-74.098567682168095,4.571491718426842,0.0],[-74.098634125425747,4.571416733654898,0.0],[-74.098704927449731,4.571336830196238,0.0],[-74.099018827408997,4.570994703433311,0.0],[-74.099066287993551,4.570933226894813,0.0],[-74.099298217420014,4.570664075000892,0.0],[-74.099525015931846,4.570410415857252,0.0],[-74.099727591219207,4.570161697647467,0.0],[-74.099962831104463,4.56989535784193,0.0],[-74.100256835043808,4.569528623924446,0.0],[-74.100608523131982,4.569114566296353,0.0],[-74.100720414312306,4.568988309905656,0.0],[-74.100757266193853,4.568927669180659,0.0],[-74.100775234039219,4.568887920477673,0.0],[-74.100785335523156,4.568843945276444,0.0],[-74.100778441065628,4.568797824695157,0.0],[-74.100761517797821,4.568729751366297,0.0],[-74.100714009568819,4.568645728776437,0.0],[-74.100538554095749,4.568456612997704,0.0],[-74.100290796115473,4.568184695261862,0.0],[-74.100180755940826,4.568051970194357,0.0],[-74.100078150682336,4.567871753131937,0.0],[-74.100003897439024,4.567711539446305,0.0],[-74.099884230621512,4.5674723282989,0.0],[-74.099776586327692,4.567265551708559,0.0],[-74.099685866548938,4.567140754062075,0.0],[-74.09956535805243,4.566983542262772,0.0],[-74.098903765389977,4.566228228602657,0.0],[-74.098126124703086,4.565332479828145,0.0]],[[-74.081087635315356,4.595154222584874,0.0],[-74.081015680849404,4.595044726230774,0.0],[-74.080996624550821,4.594925139307791,0.0],[-74.081018788708292,4.594788070037938,0.0],[-74.081115817812019,4.594695547665977,0.0],[-74.081234995694601,4.594642942365867,0.0],[-74.081392302455185,4.594657306509409,0.0]],[[-74.081087635315356,4.595154222584874,0.0],[-74.081177740489537,4.595216942437669,0.0],[-74.081268311367822,4.595236085329074,0.0],[-74.081382718569401,4.595212178345705,0.0],[-74.081449458895463,4.595173917477684,0.0],[-74.081483970745197,4.595132800969179,0.0],[-74.081525738044576,4.595083040107412,0.0],[-74.081563883158751,4.59498259171713,0.0],[-74.081568658063617,4.594891708414954,0.0],[-74.081533930058271,4.594792520142675,0.0],[-74.081487634558286,4.594729066694499,0.0],[-74.081431591888872,4.594686880887735,0.0],[-74.081392302455185,4.594657306509409,0.0]],[[-74.070744033481716,4.612154640713079,0.0],[-74.070768972224556,4.612117927742196,0.0],[-74.070890532337216,4.611938973925423,0.0],[-74.071040045703825,4.611718868776345,0.0],[-74.071228788695166,4.611407220562763,0.0],[-74.071400815861821,4.61109153169198,0.0],[-74.071500074349373,4.610899086160519,0.0],[-74.071518285446615,4.610863778403952,0.0],[-74.071749564263769,4.610446310664776,0.0],[-74.071961558514431,4.610051291306285,0.0],[-74.072051566324291,4.609904765618278,0.0],[-74.072265355053048,4.609565185855795,0.0],[-74.072536054734968,4.609136482071981,0.0],[-74.072797143184857,4.608769517225793,0.0],[-74.072969617467365,4.608510444142537,0.0],[-74.07316274878896,4.608161109162421,0.0],[-74.073357975441894,4.607775570957179,0.0],[-74.073567299499558,4.607386996096299,0.0],[-74.073805935386886,4.606944414971959,0.0],[-74.074036123757153,4.60654485992895,0.0],[-74.074323317118072,4.606071350517969,0.0],[-74.074326748938958,4.606065335057134,0.0],[-74.074436454525568,4.605873027493179,0.0],[-74.074706693750841,4.60543053570952,0.0],[-74.07553449181664,4.604076516420537,0.0],[-74.075928305919831,4.603396896056997,0.0],[-74.076118431543534,4.603081933076229,0.0],[-74.076665403173976,4.602166442935844,0.0],[-74.076715312708828,4.602082906358952,0.0],[-74.076973522531588,4.60169209954923,0.0],[-74.077354149376347,4.601130216020775,0.0],[-74.077422424318272,4.601029434184011,0.0],[-74.077466855289813,4.600963848125257,0.0],[-74.077673283193292,4.600645096549162,0.0],[-74.078016529014675,4.600097309058635,0.0],[-74.078631548939626,4.599148157011419,0.0],[-74.079534116852244,4.597676465553911,0.0],[-74.080444919738952,4.596195283922812,0.0],[-74.081087635315356,4.595154222584874,0.0]]]}},
{"type":"Feature","properties":{"objectid":131,"id_trazado":"TZ004","long_traz":1.41360378,"ori_traz":"Portal Suba","fin_traz":"Avenida ALO","nom_traz":"Suba Extension","le_troncal":"C","nom_tronc":"Suba","fase_tronc":"FASE II","eta_oper":1,"esta_oper":1,"tipo_tra":2,"Shape__Length":1414.0866495163657,"globalid":"{26804E1E-AA03-408A-B150-19B1E1BF160B}"},"geometry":{"type":"LineString","coordinates":[[-74.093579215245342,4.744560755506001,0.0],[-74.094298765852486,4.745069802805428,0.0],[-74.096283623451853,4.74657121824883,0.0],[-74.096881093618947,4.747023162737934,0.0],[-74.097318437503148,4.747343863783763,0.0],[-74.097816611448962,4.747679300254659,0.0],[-74.098365791924522,4.747958588195171,0.0],[-74.100637987022736,4.74904810643314,0.0],[-74.104535419193141,4.750999976735065,0.0]]}},
{"type":"Feature","properties":{"objectid":132,"id_trazado":"TZ007","long_traz":2.20554405,"ori_traz":"Carrera 10","fin_traz":"Avenida NQS","nom_traz":"Calle 6","le_troncal":"E","nom_tronc":"NQS Central","fase_tronc":"FASE III","eta_oper":1,"esta_oper":1,"tipo_tra":1,"Shape__Length":2204.1870559225404,"globalid":"{C8B81C58-08B4-4D0B-814F-7C2F1CC57A42}"},"geometry":{"type":"LineString","coordinates":[[-74.097770593694037,4.60642974845782,0.0],[-74.097683915338649,4.606355833458252,0.0],[-74.097623468234261,4.606307258304976,0.0],[-74.097550687156499,4.606256268984276,0.0],[-74.097235513902561,4.606006748590637,0.0],[-74.096554923606263,4.605457777198538,0.0],[-74.096090574381492,4.60506347738211,0.0],[-74.095555226841711,4.60462858183167,0.0],[-74.095346425724046,4.604478864863481,0.0],[-74.094933131300621,4.604171008787222,0.0],[-74.094749589700001,4.604034291395541,0.0],[-74.094271443754081,4.603665170336292,0.0],[-74.093649037612579,4.603228100504188,0.0],[-74.093045455562887,4.602828944754559,0.0],[-74.092595698738378,4.602525543634611,0.0],[-74.091360416434156,4.601625934861818,0.0],[-74.090432913946245,4.600970410022729,0.0],[-74.089502988961854,4.600316945828286,0.0],[-74.089386822998634,4.600233241128827,0.0],[-74.089143288969538,4.600048463657425,0.0],[-74.088761391037792,4.599787201672794,0.0],[-74.088697392642004,4.599743419557332,0.0],[-74.088030747466362,4.599264183742616,0.0],[-74.087753424475181,4.599069902882571,0.0],[-74.087453781461562,4.598859985782268,0.0],[-74.086839029539149,4.598433936975553,0.0],[-74.086194132793736,4.597963581277138,0.0],[-74.085995815712877,4.59782522316364,0.0],[-74.085652211447851,4.597601985315682,0.0],[-74.085594104621123,4.59756423370133,0.0],[-74.085265332752329,4.597366092842874,0.0],[-74.085015542495981,4.597232866073538,0.0],[-74.084732288998552,4.597084249989225,0.0],[-74.084711707412922,4.597075196234545,0.0],[-74.084575635370072,4.597015336721839,0.0],[-74.08440881693069,4.596919097948694,0.0],[-74.084166790471173,4.596752417622223,0.0],[-74.083810970218437,4.596474775632951,0.0],[-74.083606022664384,4.59629442973866,0.0],[-74.083355154465181,4.596063579288549,0.0],[-74.083235768104004,4.595975391833482,0.0],[-74.082945563669611,4.595827527475116,0.0],[-74.082660464061959,4.595728115049281,0.0],[-74.082365931815588,4.595639468397933,0.0],[-74.08205101443211,4.595516217383243,0.0],[-74.081770469284592,4.595346625501849,0.0],[-74.081499433485348,4.595146436086851,0.0],[-74.081483970745197,4.595132800969179,0.0]]}},
{"type":"Feature","properties":{"objectid":133,"id_trazado":"TZ001","long_traz":8.31087152,"ori_traz":"Avenida Calle 80","fin_traz":"Avenida Calle 6","nom_traz":"Caracas Centro","le_troncal":"A","nom_tronc":"Caracas","fase_tronc":"FASE I","eta_oper":1,"esta_oper":1,"tipo_tra":1,"Shape__Length":8282.6305968183715,"globalid":"{7906C3B6-18D2-4559-985D-566D81559B13}"},"geometry":{"type":"MultiLineString","coordinates":[[[-74.060766609086443,4.665510601933623,0.0],[-74.060834612082388,4.665188474992433,0.0],[-74.060980641112081,4.664502040709857,0.0],[-74.06103707086622,4.66424478862248,0.0],[-74.061117866736666,4.663829486422148,0.0],[-74.061221512648771,4.663257245455614,0.0],[-74.061261261575993,4.663029449928692,0.0],[-74.061302378797365,4.662793816779725,0.0],[-74.061346518464276,4.662536820290063,0.0],[-74.061449478610044,4.661943277338353,0.0],[-74.061679543625871,4.660712665678003,0.0],[-74.061742043163378,4.660363051990974,0.0],[-74.061776530510386,4.660117449538651,0.0],[-74.06186048470046,4.659486274121683,0.0],[-74.061876721487565,4.659389493469612,0.0],[-74.06193696422811,4.659030413389058,0.0],[-74.062031141174501,4.658445231341135,0.0],[-74.062067860851585,4.658237545704798,0.0],[-74.062107900300802,4.658011087575885,0.0],[-74.062235076915215,4.657305463021184,0.0],[-74.062389202154478,4.656515645072091,0.0],[-74.062497200779063,4.655905756571691,0.0],[-74.062525966114549,4.65580077136031,0.0],[-74.062562172870699,4.655712409324937,0.0],[-74.06278975464862,4.655299093983687,0.0],[-74.063009132464941,4.654902992832462,0.0],[-74.063062252465912,4.654807081940164,0.0],[-74.063331641023183,4.654335523396248,0.0],[-74.063526030176945,4.653961341129406,0.0],[-74.063610290157456,4.653796659868954,0.0],[-74.063715511249171,4.653565486926753,0.0],[-74.063820524726779,4.653347466243074,0.0],[-74.063922890199606,4.65308350475026,0.0],[-74.064197151086802,4.651869752736313,0.0],[-74.064298516125021,4.651346581624804,0.0],[-74.064486335833564,4.650416499833852,0.0],[-74.064641460053537,4.64963186746033,0.0],[-74.06464494465024,4.649614243430631,0.0],[-74.064647379215288,4.649600031342562,0.0],[-74.064832199332756,4.648629127907094,0.0],[-74.064870534843678,4.648403969921902,0.0],[-74.065456114816044,4.644964597694434,0.0],[-74.065677573589028,4.643856140849695,0.0],[-74.065780506746364,4.643254941042829,0.0],[-74.065828257845496,4.642981623195312,0.0],[-74.065980453073053,4.642110480395728,0.0],[-74.066287247009981,4.640363450658725,0.0],[-74.066593543939916,4.638603545124041,0.0],[-74.066725300606194,4.637911276079717,0.0],[-74.066787952472978,4.637559045539702,0.0],[-74.066841973220122,4.637255334714593,0.0],[-74.066981097454473,4.636537037852292,0.0],[-74.067301208121648,4.634513817695213,0.0],[-74.067621298663127,4.632834334632572,0.0],[-74.067693915161186,4.632444449525403,0.0],[-74.067791624715227,4.631927494693667,0.0],[-74.067878723280316,4.631452412878287,0.0],[-74.067916855679627,4.631244416611193,0.0],[-74.068044409027237,4.63055109449713,0.0],[-74.068128036184717,4.63010684866207,0.0],[-74.068269892723976,4.629198244752411,0.0],[-74.068497497989043,4.6279860468194,0.0],[-74.06856000362869,4.627655246364887,0.0],[-74.06865744732751,4.627106109644734,0.0],[-74.068696790532712,4.626897175554474,0.0],[-74.068757822386488,4.626573062428922,0.0],[-74.068865628590487,4.625912802320463,0.0],[-74.068966646027093,4.625369287671321,0.0],[-74.06906370760953,4.624766604824999,0.0],[-74.069182053491943,4.624075296164441,0.0],[-74.069308553739887,4.62351619051988,0.0],[-74.069441250751964,4.622786968739955,0.0],[-74.069582923423056,4.62208344119437,0.0],[-74.069692290127136,4.621658551214411,0.0],[-74.069719179114259,4.621575510484896,0.0],[-74.069828971916209,4.621236441359306,0.0],[-74.069922965853536,4.621008824699761,0.0],[-74.070136748734313,4.620521367405553,0.0],[-74.070285916242369,4.620213991074348,0.0],[-74.070535709601458,4.619739849987088,0.0],[-74.071056711025847,4.618796778360782,0.0],[-74.071388635737904,4.618170094061552,0.0],[-74.071610976276062,4.61771743513171,0.0],[-74.071947381972393,4.617064474033903,0.0],[-74.072158458069779,4.616651548430109,0.0],[-74.072582479585932,4.615822040903872,0.0],[-74.072681419443498,4.615620576540731,0.0],[-74.072778092802849,4.615400765492542,0.0],[-74.072782487198808,4.615392297556659,0.0],[-74.073201919918574,4.614584047230306,0.0],[-74.073308829833422,4.614375580742889,0.0],[-74.073369894277249,4.614256510511354,0.0],[-74.073673084792787,4.613665311851931,0.0],[-74.073977469731545,4.613091601523999,0.0],[-74.074218417277535,4.612607054900335,0.0],[-74.074447235682541,4.612186794683368,0.0],[-74.074668777488085,4.611749289152128,0.0],[-74.074805974768182,4.611477440304535,0.0],[-74.075103647437984,4.610903446382522,0.0],[-74.075192869063272,4.610692489057053,0.0],[-74.075541391327192,4.610019876391176,0.0],[-74.076027693262319,4.609081362092746,0.0],[-74.076141432672102,4.608888311851103,0.0],[-74.076332037267576,4.608594397602407,0.0],[-74.076635885984132,4.608198258340037,0.0],[-74.076869677954321,4.607864622138164,0.0],[-74.077061369723751,4.607591065532739,0.0],[-74.077272551775522,4.607308344593716,0.0],[-74.077417612045437,4.607100679579554,0.0],[-74.077555727525308,4.606878654982409,0.0],[-74.077718552212616,4.606637600031583,0.0],[-74.078268152554529,4.605839092218682,0.0],[-74.078742386818149,4.605174620161081,0.0],[-74.079850726499856,4.603651671815095,0.0],[-74.079853690544127,4.603647474898093,0.0],[-74.080137866436701,4.60324510525543,0.0],[-74.080409954280285,4.602866880647855,0.0],[-74.080618017232084,4.602577656695356,0.0],[-74.080946098610454,4.602133553476229,0.0],[-74.081044865969886,4.601987738267038,0.0],[-74.081702950217974,4.601066332186738,0.0],[-74.082117184751397,4.600456836640373,0.0],[-74.082967023023059,4.599278727631722,0.0],[-74.083346833191754,4.598763682377141,0.0],[-74.083704452218612,4.598302898486005,0.0],[-74.083836250751133,4.598135008352739,0.0],[-74.084064558106206,4.597844180737977,0.0],[-74.084401425515665,4.597407324749422,0.0],[-74.084698959967227,4.597071151379627,0.0]],[[-74.060980641112081,4.664502040709857,0.0],[-74.060980944635787,4.664510929173935,0.0],[-74.061017154963778,4.66557184859754,0.0]]]}},
{"type":"Feature","properties":{"objectid":134,"id_trazado":"TZ010","long_traz":10.16601251,"ori_traz":"Avenida Calle 6","fin_traz":"Limite del Distrito","nom_traz":"NQS Sur","le_troncal":"G","nom_tronc":"NQS Sur","fase_tronc":"FASE II","eta_oper":1,"esta_oper":1,"tipo_tra":1,"Shape__Length":10163.746604571443,"globalid":"{056691A8-F808-4F78-ABE4-F41034972131}"},"geometry":{"type":"MultiLineString","coordinates":[[[-74.183914649844027,4.596389032223867,0.0],[-74.183752518470129,4.596452648374381,0.0],[-74.183574491929548,4.596523058220186,0.0],[-74.18324131329625,4.596636507263975,0.0],[-74.183055084766593,4.596687644647941,0.0],[-74.182747244251715,4.596766494440263,0.0],[-74.182145595196943,4.596848017950281,0.0],[-74.181689508576795,4.596879964418787,0.0],[-74.18144246716345,4.596880203066688,0.0],[-74.181224998594217,4.596887946711874,0.0],[-74.180901382591259,4.596899469440356,0.0],[-74.179643062750358,4.596940197479388,0.0],[-74.178497295000867,4.596919809473604,0.0],[-74.177430201858826,4.596941004130508,0.0],[-74.176996760902654,4.59692677127054,0.0],[-74.176662028621678,4.596886660250795,0.0],[-74.176186704211844,4.596835880522108,0.0],[-74.175802892031825,4.596795177239782,0.0],[-74.175359306956125,4.596712049030966,0.0],[-74.174819354378144,4.596633369351986,0.0],[-74.174187606390731,4.596554844603946,0.0],[-74.173720023133427,4.596500653826334,0.0],[-74.173311101054082,4.596451348980364,0.0],[-74.172520540025317,4.596395523271425,0.0],[-74.171309654914765,4.596135533631774,0.0],[-74.170201913663817,4.595943307443666,0.0],[-74.169459855125723,4.595877155642289,0.0],[-74.168603259578759,4.595760682915222,0.0],[-74.168068745469412,4.59574801745341,0.0],[-74.167439990692003,4.595761790142816,0.0],[-74.167113649592523,4.595794591693648,0.0],[-74.166753094269765,4.59580229644632,0.0],[-74.166481552186127,4.595800849141984,0.0],[-74.166160248226916,4.595778901790727,0.0],[-74.165779015232616,4.595766263453909,0.0],[-74.165587702287851,4.595783358692455,0.0],[-74.165058936344238,4.595788477137685,0.0],[-74.164969729919903,4.595787784538717,0.0],[-74.16448632350793,4.595784032942605,0.0],[-74.163650608484843,4.595787620572513,0.0],[-74.162551439866888,4.595800135315642,0.0],[-74.162113246948692,4.59581751586746,0.0],[-74.161954723171149,4.595829457096521,0.0],[-74.160529496763374,4.595936816076216,0.0],[-74.1596049278359,4.596022511639002,0.0],[-74.159300692619922,4.5960567476394,0.0],[-74.158702741704772,4.596101189625343,0.0],[-74.158336218380626,4.596133083816402,0.0],[-74.157958518347797,4.596164301753062,0.0],[-74.157495762140925,4.596206071492582,0.0],[-74.157366855919364,4.596234408045497,0.0],[-74.157034894834581,4.596264630146623,0.0],[-74.156881054838664,4.596280940258974,0.0],[-74.1566277314666,4.596307796606907,0.0],[-74.156483773756534,4.596314281109199,0.0],[-74.155884168810772,4.596359537511831,0.0],[-74.155514449174362,4.596387768150366,0.0],[-74.154883116360324,4.596438477463899,0.0],[-74.154490158745148,4.596444189150534,0.0],[-74.154267124346475,4.596420680344885,0.0],[-74.15407213364756,4.596391981332032,0.0],[-74.153938171729294,4.596362771116572,0.0],[-74.153687147320497,4.596297915538926,0.0],[-74.153046257182837,4.596039616868061,0.0],[-74.152852571036945,4.595945874855354,0.0],[-74.152406163555924,4.595749695601304,0.0],[-74.152096840931705,4.595637556476781,0.0],[-74.151799068501404,4.595581671355052,0.0],[-74.151467585743944,4.595539713275087,0.0],[-74.151136914375286,4.595509260498151,0.0],[-74.149953803852299,4.595376869521826,0.0],[-74.149698182491178,4.595350296976994,0.0],[-74.148561403841995,4.595219876712776,0.0],[-74.148411800587638,4.595202090259807,0.0],[-74.147782466768703,4.595148621931287,0.0],[-74.147410287546236,4.595107262813356,0.0],[-74.147085829695499,4.59507120624177,0.0],[-74.146609284104173,4.595007920120016,0.0],[-74.146382857025614,4.595018231282286,0.0],[-74.146209250676748,4.595038751470789,0.0],[-74.145969393311532,4.59507944139642,0.0],[-74.14544450464291,4.595182010597556,0.0],[-74.144570568752428,4.595323384660068,0.0],[-74.144265374079083,4.595376305534596,0.0],[-74.144004807093197,4.595417148665731,0.0],[-74.143804567303263,4.595443886081899,0.0],[-74.143597057673929,4.595471670403551,0.0],[-74.143295897837959,4.595498796839488,0.0],[-74.142738720649888,4.595553219731789,0.0],[-74.142649214167193,4.595562828984624,0.0],[-74.14233045910477,4.595597048225454,0.0],[-74.142114626688979,4.595613000873794,0.0],[-74.141904967292916,4.595617349689641,0.0],[-74.141801233547795,4.595615653526144,0.0],[-74.141562920711351,4.595609762603857,0.0],[-74.141356016230688,4.59559356055173,0.0],[-74.141218946059112,4.59557709537532,0.0],[-74.141084477561648,4.595559782601304,0.0],[-74.14033255187158,4.595454016906931,0.0],[-74.139459673495793,4.595334871716684,0.0],[-74.138784496832741,4.595243570294264,0.0],[-74.138468581357316,4.595182262514445,0.0],[-74.138129355512376,4.595118768145005,0.0],[-74.137877333740562,4.595078613725607,0.0],[-74.137739709046812,4.595056686792061,0.0],[-74.137152821705186,4.594900109533383,0.0],[-74.136716993271378,4.594798125153706,0.0],[-74.136053172927362,4.594635404960603,0.0],[-74.135410955836676,4.594501227863266,0.0],[-74.135125585633531,4.594447348640696,0.0],[-74.134655563022662,4.594346320707346,0.0],[-74.13426992732451,4.594269934546364,0.0],[-74.133856526477985,4.594188047639794,0.0],[-74.133552691611413,4.594129115954705,0.0],[-74.133247156045144,4.594055992923123,0.0],[-74.132790946164292,4.593985815044377,0.0],[-74.131849801610116,4.593803165076178,0.0],[-74.131595554543068,4.59374917625544,0.0],[-74.131370284991888,4.593703174740977,0.0],[-74.131209029948579,4.59367213829755,0.0],[-74.130823105970421,4.593611852442375,0.0],[-74.130503440305318,4.593576439951076,0.0],[-74.130403772816123,4.593571812759595,0.0],[-74.130180559820317,4.593561450509848,0.0],[-74.129675692488163,4.593552222061491,0.0],[-74.129552747521629,4.593551205558441,0.0],[-74.129544955825224,4.593551141016794,0.0],[-74.129239918932498,4.593548619389137,0.0],[-74.129033513696399,4.593545781235266,0.0],[-74.128709091419282,4.593532299629081,0.0],[-74.128413168249949,4.593554894227622,0.0],[-74.127408447985488,4.593564392698378,0.0],[-74.126625376649585,4.593591251756127,0.0],[-74.125926616659299,4.593626088394455,0.0],[-74.125640739762133,4.593634329747,0.0],[-74.125118570180973,4.593661871234306,0.0],[-74.124529842788789,4.593725552997092,0.0],[-74.12426149493551,4.59376217534351,0.0],[-74.123755076579002,4.593809438726154,0.0],[-74.123348330163211,4.593847399935512,0.0],[-74.123159857700088,4.593845471378241,0.0],[-74.12246884100081,4.593920407613114,0.0],[-74.121793592181788,4.594008199693182,0.0],[-74.120868248368936,4.594172867396609,0.0],[-74.120468218215123,4.594241905012034,0.0],[-74.119914688755884,4.594353440602498,0.0],[-74.119353817466518,4.594471045026329,0.0],[-74.118797419875037,4.594595072071824,0.0],[-74.117880746229517,4.594798466140175,0.0],[-74.11755699068236,4.59487030207014,0.0],[-74.116804365598085,4.595070314250316,0.0],[-74.116270903867559,4.595220844323635,0.0],[-74.115694900037425,4.595385201386046,0.0],[-74.115151371852818,4.595559487412887,0.0],[-74.114609671606459,4.595727665214921,0.0],[-74.113935302243192,4.595955747343481,0.0],[-74.113426662552826,4.596140970628912,0.0],[-74.113084716930786,4.596281235566737,0.0],[-74.112310159504602,4.596594359849682,0.0],[-74.111675915794038,4.596873288196257,0.0],[-74.111224758283754,4.59709265303374,0.0],[-74.110679495074749,4.597353030668955,0.0],[-74.110642547774532,4.59737051091117,0.0],[-74.110316970959403,4.597524540993021,0.0],[-74.110122675381817,4.597632046266363,0.0],[-74.109696885859051,4.59783753594163,0.0],[-74.109138365185757,4.59810381634079,0.0],[-74.108916284330107,4.598207767672571,0.0],[-74.108825324059126,4.59823271347905,0.0],[-74.108747502030326,4.598250885408564,0.0],[-74.108645690893979,4.598265516192671,0.0],[-74.108529176005447,4.598263348217754,0.0],[-74.108438651384787,4.598255621200249,0.0],[-74.108338864694261,4.598236833944569,0.0],[-74.108248047790894,4.598201075987888,0.0],[-74.108104073937312,4.598146757513359,0.0],[-74.107894009941887,4.598070407390503,0.0]],[[-74.107894009941887,4.598070407390503,0.0],[-74.107687684091132,4.598014013381878,0.0],[-74.107662093074254,4.598019994674338,0.0],[-74.107548436223055,4.59804656089953,0.0],[-74.107367224143374,4.598144187986837,0.0],[-74.107062028377811,4.598379638987295,0.0],[-74.106892602504843,4.59851160938742,0.0]],[[-74.106892602504843,4.59851160938742,0.0],[-74.107100862694452,4.598443949259319,0.0],[-74.107277953870749,4.598371803182855,0.0],[-74.107435458768521,4.598329957729689,0.0],[-74.10756420873345,4.598299206638695,0.0],[-74.107693008591951,4.598276508411713,0.0],[-74.107760009031594,4.598257108098346,0.0],[-74.107856610060864,4.598192607624736,0.0],[-74.107888059486044,4.598137608802611,0.0],[-74.107895012585942,4.598103803552588,0.0],[-74.107894009941887,4.598070407390503,0.0]],[[-74.106892602504843,4.59851160938742,0.0],[-74.106326403121002,4.598939014417342,0.0],[-74.106088412875934,4.599113835460042,0.0],[-74.105378674703957,4.599623675235978,0.0],[-74.10497190519115,4.599925057194538,0.0],[-74.104559659506094,4.600222610275689,0.0],[-74.104176525891688,4.600497795704722,0.0],[-74.103733979011778,4.60080912842737,0.0],[-74.103181562081716,4.601225262728607,0.0],[-74.102923289639762,4.601424021457346,0.0],[-74.102758242229598,4.60155915218584,0.0],[-74.102617549035614,4.601675025619935,0.0],[-74.102472056137344,4.601794851937577,0.0],[-74.101706333343841,4.602454604862494,0.0],[-74.100706486784901,4.603370474524382,0.0],[-74.100488319131131,4.60356930068812,0.0],[-74.100340325087629,4.603731063161964,0.0],[-74.099980215473323,4.604119301627991,0.0],[-74.099861374184897,4.604249975583671,0.0],[-74.099639549433377,4.604493886018895,0.0],[-74.099490510690458,4.604661490194414,0.0],[-74.099063526198549,4.605138720774922,0.0],[-74.098859569453069,4.60536417614965,0.0],[-74.098663617944254,4.605588076716556,0.0],[-74.098231225184222,4.606130106249524,0.0],[-74.098084115148382,4.606356710926562,0.0],[-74.098071971924682,4.606375416043476,0.0]]]}},
{"type":"Feature","properties":{"objectid":135,"id_trazado":"TZ014","long_traz":1.75868858,"ori_traz":"Avenida Caracas","fin_traz":"Portal Tunal","nom_traz":"Tunal","le_troncal":"H","nom_tronc":"Caracas Sur","fase_tronc":"FASE I","eta_oper":1,"esta_oper":1,"tipo_tra":1,"Shape__Length":1753.8318447765982,"globalid":"{DD123375-34F0-4917-8BE2-4AC255E54F38}"},"geometry":{"type":"LineString","coordinates":[[-74.140298697417251,4.567082055288737,0.0],[-74.139889132406154,4.567155697460297,0.0],[-74.13955794563951,4.567210459642223,0.0],[-74.139355447282213,4.56723946031684,0.0],[-74.139180951272678,4.567255602835949,0.0],[-74.138196932253479,4.567316164431739,0.0],[-74.137894162396023,4.567328094349902,0.0],[-74.137693557141191,4.567355615847845,0.0],[-74.137467833151533,4.567395728309833,0.0],[-74.137327902390297,4.567440105515369,0.0],[-74.137079572977242,4.567547726587526,0.0],[-74.136579320174278,4.567796816243385,0.0],[-74.135800530882051,4.568159753028072,0.0],[-74.135414513207309,4.568326563753448,0.0],[-74.135147053132059,4.568442140933725,0.0],[-74.134487097258997,4.568700766171847,0.0],[-74.134407627422647,4.568732341091793,0.0],[-74.133333056021968,4.569159290422121,0.0],[-74.132393468803571,4.569512087854566,0.0],[-74.131953920496372,4.56970047860124,0.0],[-74.131439037145142,4.569894482388836,0.0],[-74.130487646832421,4.570265277640755,0.0],[-74.130388678707703,4.57030351923882,0.0],[-74.130177162308172,4.570385248398855,0.0],[-74.129955035619531,4.570479844816662,0.0],[-74.129699495470689,4.570572608752782,0.0],[-74.129469837579123,4.570628652964309,0.0],[-74.129327551619127,4.570657289247757,0.0],[-74.129144319553262,4.5706606131606,0.0],[-74.128947985545111,4.570651995630413,0.0],[-74.128759429909465,4.570636914376059,0.0],[-74.128647572738714,4.570617439882651,0.0],[-74.128481305974702,4.570570131825012,0.0],[-74.128206205708096,4.570468017502574,0.0],[-74.12793380269899,4.570340181552432,0.0],[-74.127151660896828,4.56992727238088,0.0],[-74.126499214096754,4.569567836278308,0.0],[-74.126069537111405,4.569351772146709,0.0],[-74.125856473662793,4.569252164881356,0.0],[-74.125503920528132,4.569096670506233,0.0]]}},
{"type":"Feature","properties":{"objectid":136,"id_trazado":"TZ019","long_traz":0.64098697,"ori_traz":"San Diego","fin_traz":"Museo Nacional","nom_traz":"Carrera 7","le_troncal":"M","nom_tronc":"Carrera 7","fase_tronc":"FASE III","eta_oper":1,"esta_oper":1,"tipo_tra":1,"Shape__Length":641.04522921235798,"globalid":"{54FE3BE5-63B7-4F3F-BF62-644A48EC28CD}"},"geometry":{"type":"LineString","coordinates":[[-74.068597721158596,4.617481511542132,0.0],[-74.06885961680598,4.616441560275401,0.0],[-74.068904653800018,4.616262722541635,0.0],[-74.068988795742101,4.615918111567536,0.0],[-74.069079685136572,4.615640438639677,0.0],[-74.069210373290957,4.615273451921052,0.0],[-74.069219693117873,4.615244902037747,0.0],[-74.069534135222341,4.614281684540787,0.0],[-74.069593277777983,4.614100516501553,0.0],[-74.069667469139858,4.61388963206866,0.0],[-74.069724902192021,4.613775634388471,0.0],[-74.069859503104411,4.613544075337311,0.0],[-74.070018274832847,4.613283709696307,0.0],[-74.07015738782215,4.61306381714545,0.0],[-74.070390434120569,4.612687221123314,0.0],[-74.070595781736998,4.612363978181086,0.0],[-74.070744092965072,4.612154298884183,0.0]]}},
{"type":"Feature","properties":{"objectid":137,"id_trazado":"TZ012","long_traz":7.40954562,"ori_traz":"Avenida Calle 6","fin_traz":"Molinos","nom_traz":"Caracas Sur","le_troncal":"H","nom_tronc":"Caracas Sur","fase_tronc":"FASE I","eta_oper":1,"esta_oper":1,"tipo_tra":1,"Shape__Length":7411.6860390404854,"globalid":"{676A7CE3-AE64-4279-B695-A1A59462184C}"},"geometry":{"type":"LineString","coordinates":[[-74.084712161610128,4.597074683485543,0.0],[-74.085203950911009,4.59639406303005,0.0],[-74.085470533630343,4.596027750781079,0.0],[-74.085856225109467,4.595515845658234,0.0],[-74.086027132012646,4.595298573832888,0.0],[-74.086226289024779,4.595050515250533,0.0],[-74.08641761465951,4.594812210609475,0.0],[-74.086538488692412,4.594654269330251,0.0],[-74.087950304943831,4.592962129134181,0.0],[-74.088234348664443,4.592624333020755,0.0],[-74.088593367973246,4.592203863495868,0.0],[-74.088924402009127,4.59193793469834,0.0],[-74.0891332941614,4.591840368799879,0.0],[-74.089305727203779,4.591762715473732,0.0],[-74.089457773600316,4.591689536979769,0.0],[-74.089583531296654,4.591610040476123,0.0],[-74.089674969134848,4.591537528532337,0.0],[-74.089763627225736,4.591437777864912,0.0],[-74.090245998379274,4.590847253249946,0.0],[-74.090365184096228,4.590701344104162,0.0],[-74.090676046755391,4.590306196000747,0.0],[-74.091174774186328,4.589687301291424,0.0],[-74.092204415248091,4.588462977145035,0.0],[-74.092887105774764,4.58758610902776,0.0],[-74.093270504625167,4.587109870411139,0.0],[-74.093589538245695,4.586691797439635,0.0],[-74.09387945205701,4.586332667101507,0.0],[-74.093925415730666,4.58628470770093,0.0],[-74.094182262482462,4.586016702741723,0.0],[-74.094327066132223,4.585864639386514,0.0],[-74.094616822530782,4.585585224700647,0.0],[-74.094830202609188,4.585448800566096,0.0],[-74.095092030963642,4.585312414061825,0.0],[-74.095505094383412,4.585104419385759,0.0],[-74.095905222454334,4.584913072272458,0.0],[-74.096578250699878,4.584611341068247,0.0],[-74.09715922680104,4.584319120602349,0.0],[-74.097632977736183,4.58406821435057,0.0],[-74.097961511462429,4.583877864649046,0.0],[-74.09831865189345,4.583652056817021,0.0],[-74.098718188043051,4.583396569856416,0.0],[-74.0991667053882,4.583103634556882,0.0],[-74.099401753738405,4.58297257638977,0.0],[-74.099563984523186,4.582882120362656,0.0],[-74.099821956344314,4.582734062102936,0.0],[-74.101027328315666,4.582068136434636,0.0],[-74.101419045410935,4.581854599227054,0.0],[-74.101428782433132,4.581849057280713,0.0],[-74.101945738342394,4.581554810306751,0.0],[-74.102258786688864,4.581390920214198,0.0],[-74.102404906556004,4.581303660840542,0.0],[-74.102617687493037,4.58119851543519,0.0],[-74.102963019125141,4.581031905539376,0.0],[-74.104036421110891,4.580515968581917,0.0],[-74.104571612339228,4.580253499250492,0.0],[-74.106290092018526,4.579408148700998,0.0],[-74.106912488441438,4.579110851782533,0.0],[-74.107363824464201,4.578915188912788,0.0],[-74.107495258965386,4.578858209078,0.0],[-74.107847794413715,4.578720281283904,0.0],[-74.108007879779166,4.578662816332558,0.0],[-74.10829668747931,4.578560238759491,0.0],[-74.108759856428307,4.578414608246762,0.0],[-74.109609885862781,4.578176823498577,0.0],[-74.109695463580181,4.578151881455313,0.0],[-74.109711769163155,4.57814718282332,0.0],[-74.110817840707355,4.577836862002856,0.0],[-74.111708586432385,4.577581737218861,0.0],[-74.112986402331956,4.577183922635706,0.0],[-74.113657003575995,4.57698778189196,0.0],[-74.11438050582953,4.57680972493108,0.0],[-74.114807456499392,4.576704649843816,0.0],[-74.114945375889192,4.57668570093329,0.0],[-74.116038053700237,4.576483811465479,0.0],[-74.117370044246485,4.576295668854445,0.0],[-74.117842114268555,4.576213671091998,0.0],[-74.11866888119205,4.576079620434419,0.0],[-74.119320922168782,4.575978549344271,0.0],[-74.12007924002512,4.575794151709622,0.0],[-74.12010960535298,4.575786768008553,0.0],[-74.120761692671692,4.575609949576998,0.0],[-74.121426836674814,4.575462544290138,0.0],[-74.12197943011293,4.575317385368289,0.0],[-74.122432956815686,4.575167830057945,0.0],[-74.122776037311567,4.575006102188421,0.0],[-74.122976529532238,4.574886112676805,0.0],[-74.123189446136465,4.574710229540558,0.0],[-74.123373557727803,4.574491548031833,0.0],[-74.123497004282882,4.574326029418007,0.0],[-74.123550233423074,4.57425465954749,0.0],[-74.123703303960752,4.573906800869292,0.0],[-74.124021505248706,4.572979171954044,0.0],[-74.124399762808011,4.57185654769502,0.0],[-74.124534944436547,4.571496115544704,0.0],[-74.124701980460216,4.570987850756075,0.0],[-74.124708718984891,4.570968483577163,0.0],[-74.124766717675527,4.57080180248436,0.0],[-74.125001643831325,4.570192591174813,0.0],[-74.125264386421193,4.569594083168766,0.0],[-74.125481590000533,4.569140531110582,0.0],[-74.125503920528132,4.569096670506233,0.0],[-74.125731395674478,4.56864988374032,0.0],[-74.126008050609585,4.568152946785688,0.0],[-74.126415686134479,4.567488381225127,0.0],[-74.126468659714391,4.567394204412223,0.0],[-74.126517231889579,4.567284723327254,0.0],[-74.126550591019054,4.567193039226833,0.0],[-74.12657477607668,4.567097199536587,0.0],[-74.126585721171878,4.566972558428058,0.0],[-74.126581727611324,4.566832107357868,0.0],[-74.126569772373315,4.566665728410241,0.0],[-74.126557499620773,4.566547807019522,0.0],[-74.126545619379627,4.566437309999444,0.0],[-74.12652795675676,4.566291912372545,0.0],[-74.12648176139416,4.566141455261512,0.0],[-74.126231596267004,4.565678471089551,0.0],[-74.126086618416849,4.565438000048474,0.0],[-74.125972857794196,4.565241149955514,0.0],[-74.1257961920996,4.565003422863945,0.0],[-74.125641887796192,4.564752617879773,0.0],[-74.125583935157678,4.564653275897263,0.0],[-74.125356322814469,4.564263101435269,0.0],[-74.125118124943157,4.563819312766409,0.0],[-74.125069742726922,4.563706716511299,0.0],[-74.125026003676155,4.563600361504178,0.0],[-74.124994709786435,4.563497473705787,0.0],[-74.124979441196359,4.563423431484131,0.0],[-74.124956121246839,4.563328579773847,0.0],[-74.124908943962055,4.562433263669795,0.0],[-74.12487888582848,4.562278558719615,0.0],[-74.12483229020485,4.562144058990229,0.0],[-74.124771661783967,4.561994365935678,0.0],[-74.124697186624417,4.56184954983432,0.0],[-74.124630896365218,4.561714257398249,0.0],[-74.124566892142099,4.561589620310617,0.0],[-74.124234696906868,4.560911877536896,0.0],[-74.124016270499808,4.560513951135673,0.0],[-74.123874333753733,4.560227304334152,0.0],[-74.123845627550494,4.560169331663245,0.0],[-74.12363236815095,4.559705201941464,0.0],[-74.123531253338626,4.559455192441125,0.0],[-74.123388423516872,4.559204200794327,0.0],[-74.123261420504065,4.559036504269834,0.0],[-74.123122806070796,4.55886564155896,0.0],[-74.12283815111924,4.558524993556594,0.0],[-74.12267516928307,4.558330054084999,0.0],[-74.122227396952297,4.557806878910614,0.0],[-74.122203899122539,4.557770347077933,0.0],[-74.122084465924189,4.557611836766807,0.0],[-74.121845274126997,4.557099621286763,0.0],[-74.121827788868316,4.557064564002366,0.0],[-74.121694901499282,4.556798135678846,0.0],[-74.121593322675409,4.556516827668672,0.0],[-74.121559417219146,4.556414703996135,0.0],[-74.121541902633481,4.556341458518244,0.0],[-74.121521932142187,4.556218948990399,0.0],[-74.121486367464072,4.556023872097914,0.0]]}},
{"type":"Feature","properties":{"objectid":138,"id_trazado":"TZ011","long_traz":2.85964512,"ori_traz":"Limite Del Distrito","fin_traz":"San Mateo","nom_traz":"Soacha","le_troncal":"G","nom_tronc":"NQS Sur","fase_tronc":"FASE II","eta_oper":1,"esta_oper":1,"tipo_tra":1,"Shape__Length":2856.240238949501,"globalid":"{01CE94FC-D04E-475F-9F2E-505778EFC515}"},"geometry":{"type":"LineString","coordinates":[[-74.207079953552324,4.585156002405543,0.0],[-74.207066347911478,4.585162909273957,0.0],[-74.206403963108784,4.585499187964113,0.0],[-74.20583273960662,4.585777602829912,0.0],[-74.205456079829517,4.58595761256667,0.0],[-74.205449736069028,4.585960644043299,0.0],[-74.205302504041924,4.586031007574724,0.0],[-74.205041330205376,4.586160691510072,0.0],[-74.204695529548061,4.586327899367481,0.0],[-74.204077771753745,4.586644293091152,0.0],[-74.203241710446221,4.587062914426626,0.0],[-74.20266982418498,4.587343201567999,0.0],[-74.202044329201755,4.587656413568129,0.0],[-74.201248844476794,4.588073169898997,0.0],[-74.200982686470212,4.588223651455648,0.0],[-74.200929743640515,4.588248770568018,0.0],[-74.200793732103207,4.588313302072047,0.0],[-74.200634582856182,4.588378808770679,0.0],[-74.199895401109018,4.588761649548084,0.0],[-74.199522612370998,4.588962704262017,0.0],[-74.199362353445565,4.5890491356856,0.0],[-74.198504267774368,4.589488622291796,0.0],[-74.197992836333128,4.589747663234787,0.0],[-74.196911315137896,4.590287567614225,0.0],[-74.19490379498734,4.591282311955135,0.0],[-74.194472925017877,4.591501643407014,0.0],[-74.194061079671798,4.591715063641875,0.0],[-74.193593454985333,4.591944393197704,0.0],[-74.193135313040074,4.592172811180285,0.0],[-74.193058030725453,4.592211341862321,0.0],[-74.192533354967708,4.592469808689632,0.0],[-74.192153018321818,4.59264259213825,0.0],[-74.191202308382671,4.593080362316727,0.0],[-74.190460140488668,4.593449389712005,0.0],[-74.189130071786707,4.594084031096752,0.0],[-74.188966637477236,4.594159769078741,0.0],[-74.18857841698555,4.594354246273535,0.0],[-74.188320918096053,4.594488139533095,0.0],[-74.188112181777825,4.59459381881802,0.0],[-74.187756132033513,4.594774078452255,0.0],[-74.187381440731343,4.594958633543413,0.0],[-74.187098933646908,4.595088611851397,0.0],[-74.186659734071483,4.59528657564077,0.0],[-74.186053312117636,4.595545875938067,0.0],[-74.185675358822252,4.595690423085162,0.0],[-74.18514829940743,4.595894096439261,0.0],[-74.184605922532882,4.596112615049472,0.0],[-74.184219229261203,4.596265873059451,0.0],[-74.184000073089877,4.596353196140877,0.0],[-74.183914649844027,4.596389032223867,0.0]]}},
{"type":"Feature","properties":{"objectid":139,"id_trazado":"TZ020","long_traz":11.65402973,"ori_traz":"Museo Nacional","fin_traz":"Avenida Calle 134","nom_traz":"Carrera 7","le_troncal":"M","nom_tronc":"Carrera 7","fase_tronc":"FASE III","eta_oper":1,"esta_oper":1,"tipo_tra":2,"Shape__Length":11653.092050612644,"globalid":"{7FEEEE0E-6E5F-484D-8F47-630FD81205DC}"},"geometry":{"type":"LineString","coordinates":[[-74.068597721158596,4.617481511542132,0.0],[-74.068501029017057,4.617779981654728,0.0],[-74.068417209276205,4.618123008204018,0.0],[-74.068270659958671,4.618600258032913,0.0],[-74.068041958464946,4.619221807570318,0.0],[-74.067805659135658,4.619719558612264,0.0],[-74.067547210303289,4.620266406989056,0.0],[-74.067248472246277,4.62097093388037,0.0],[-74.06700030817953,4.621581968336451,0.0],[-74.066657571891994,4.622473605178442,0.0],[-74.066484697423675,4.62306851852788,0.0],[-74.066103164365813,4.624536376543373,0.0],[-74.066095224914179,4.624568801370124,0.0],[-74.065855755786487,4.625546839024287,0.0],[-74.065572576894098,4.626700797660138,0.0],[-74.065378822918191,4.627484053741497,0.0],[-74.065199975476631,4.628183604333761,0.0],[-74.065074781710365,4.628682855597659,0.0],[-74.064877454557035,4.629442791982679,0.0],[-74.064667627253954,4.630078958737734,0.0],[-74.064666603398038,4.630081786497401,0.0],[-74.064414887808695,4.630777303190069,0.0],[-74.06422413565673,4.631346504157945,0.0],[-74.064026899757295,4.631864286765274,0.0],[-74.063993198600301,4.631971159313734,0.0],[-74.063823397128601,4.632857217285832,0.0],[-74.06382442337059,4.63446494607479,0.0],[-74.063810071742594,4.634899035472796,0.0],[-74.063752793733329,4.635526848966413,0.0],[-74.063702682816213,4.63598963593378,0.0],[-74.063575972974519,4.636695768522753,0.0],[-74.063369978240999,4.637639864169109,0.0],[-74.063163645127602,4.63844309172638,0.0],[-74.063098124684984,4.638698155565795,0.0],[-74.06289423369914,4.639483802376906,0.0],[-74.062557989640453,4.640807564127054,0.0],[-74.062189563316679,4.642131323156867,0.0],[-74.061871209643044,4.643315171836895,0.0],[-74.061632149125288,4.644176273010286,0.0],[-74.061398448153156,4.645061170212499,0.0],[-74.061132012604901,4.645609313315533,0.0],[-74.060780366501376,4.646114516754938,0.0],[-74.060462662333265,4.64657507053306,0.0],[-74.060291636375538,4.646822995579112,0.0],[-74.06013965244361,4.647056167236137,0.0],[-74.059862477467618,4.647680961569967,0.0],[-74.059655020186284,4.648113578155391,0.0],[-74.059635974669675,4.648153294054625,0.0],[-74.059075085083023,4.649285211392372,0.0],[-74.058685271676907,4.64999728894977,0.0],[-74.058399176868292,4.650466024773477,0.0],[-74.058041579873503,4.650872567312362,0.0],[-74.05771259989136,4.651164312872269,0.0],[-74.057316864264976,4.651570851245806,0.0],[-74.057073693662474,4.651872172880958,0.0],[-74.056490570378628,4.652839736320036,0.0],[-74.056109108167206,4.653458538495796,0.0],[-74.055779486781361,4.654086912362159,0.0],[-74.055450448313593,4.654818728245631,0.0],[-74.055427669895437,4.654869140982983,0.0],[-74.055412131861345,4.654903529580777,0.0],[-74.055121411079071,4.65554695656075,0.0],[-74.054981439192943,4.655811553075831,0.0],[-74.054935439239685,4.655898510010068,0.0],[-74.054584977210155,4.656393544862707,0.0],[-74.05416656740266,4.656985433353217,0.0],[-74.053362384874376,4.658022050573893,0.0],[-74.052801808205771,4.658765717144217,0.0],[-74.052192781316677,4.659387715707169,0.0],[-74.05078172229355,4.660708713972411,0.0],[-74.050172903628024,4.6613806883029,0.0],[-74.049586325257835,4.662036600627354,0.0],[-74.049416239481232,4.662226790907911,0.0],[-74.048964120661324,4.662700439076775,0.0],[-74.04841986324584,4.663268329349986,0.0],[-74.047596341008415,4.664086868325407,0.0],[-74.047110831055221,4.664578913819249,0.0],[-74.046793176338269,4.665123421693116,0.0],[-74.046521038058799,4.66567950748502,0.0],[-74.046314652039314,4.666101232912688,0.0],[-74.045984342536414,4.666835849137822,0.0],[-74.045634304765855,4.66759636099443,0.0],[-74.045109340235456,4.668731378818006,0.0],[-74.044605035254079,4.669786042068599,0.0],[-74.044440101350844,4.670116894798875,0.0],[-74.043811028977927,4.671378792947125,0.0],[-74.043353752634928,4.672275135541461,0.0],[-74.043111544864828,4.672820432006128,0.0],[-74.042895286725383,4.673255101012453,0.0],[-74.042397896917194,4.673842487379657,0.0],[-74.041885339748816,4.674225080983096,0.0],[-74.04134893735845,4.67466148568778,0.0],[-74.040895963157936,4.675103879956915,0.0],[-74.040627730027381,4.675534344986239,0.0],[-74.040341572982612,4.676263767157822,0.0],[-74.040228250259375,4.676897548756115,0.0],[-74.040127759869051,4.677397695856464,0.0],[-74.039894086669548,4.677842516505107,0.0],[-74.039350493593162,4.678507323219821,0.0],[-74.038773523448569,4.679205608775933,0.0],[-74.038215624364383,4.679875196663773,0.0],[-74.038213768433323,4.679877968266117,0.0],[-74.037795989783689,4.680501755889384,0.0],[-74.037462154089809,4.681219210931951,0.0],[-74.037233960343684,4.681667618326126,0.0],[-74.037163350354632,4.681827996128779,0.0],[-74.037031270682931,4.682127988405499,0.0],[-74.036538859930744,4.683185038766185,0.0],[-74.036089364219535,4.684196653384732,0.0],[-74.035558891960818,4.685375428794441,0.0],[-74.035177150728245,4.686437607600368,0.0],[-74.034955128597375,4.68743869538588,0.0],[-74.034947273344358,4.687474114866079,0.0],[-74.034725659316607,4.688659986264557,0.0],[-74.034402809083531,4.689787158969598,0.0],[-74.034395041923958,4.689810817009606,0.0],[-74.034025143862252,4.690937432245836,0.0],[-74.03360169429493,4.692186655438004,0.0],[-74.033576013379871,4.692268829234929,0.0],[-74.033316793288023,4.693098287066933,0.0],[-74.032992448510655,4.694116524949803,0.0],[-74.032711065854741,4.69474092825946,0.0],[-74.032315249755825,4.69540097187111,0.0],[-74.031986205787902,4.695888822112034,0.0],[-74.031452094480116,4.696749744631745,0.0],[-74.031075357286099,4.697338038207415,0.0],[-74.030646360094678,4.697760699473309,0.0],[-74.030425167849202,4.697968762285728,0.0],[-74.030043790022475,4.698277186023914,0.0],[-74.029886438463279,4.698401526719946,0.0],[-74.029422997368911,4.698722469168251,0.0],[-74.029175965393534,4.69899454757613,0.0],[-74.029013813362866,4.699310223979596,0.0],[-74.028913651752589,4.699558944261116,0.0],[-74.028739525116237,4.700396807089542,0.0],[-74.028722792707299,4.700477321900611,0.0],[-74.028589169668393,4.701247424977193,0.0],[-74.028596688153456,4.701847471936421,0.0],[-74.028598579427978,4.701998418277895,0.0],[-74.028650898539269,4.702739852419662,0.0],[-74.028688883861975,4.703663051463993,0.0],[-74.028621967211919,4.704672334157123,0.0],[-74.028507300646979,4.706116897599587,0.0],[-74.028497609822452,4.707040090493438,0.0],[-74.028540413095314,4.707661938181761,0.0],[-74.028597523449193,4.708269438208623,0.0],[-74.028698553984228,4.709734057029797,0.0],[-74.028723035429152,4.709976935961487,0.0],[-74.028843011458392,4.71049880690141,0.0],[-74.028877658377368,4.710649515855443,0.0],[-74.029113695260904,4.711542308486538,0.0],[-74.029128630337027,4.711609451673596,0.0]]}},
{"type":"Feature","properties":{"objectid":140,"id_trazado":"TZ017","long_traz":2.22037955,"ori_traz":"Portal Eldorado","fin_traz":"Aeropuerto El Dorado","nom_traz":"Calle 26 Extension","le_troncal":"K","nom_tronc":"Calle 26","fase_tronc":"FASE III","eta_oper":1,"esta_oper":1,"tipo_tra":2,"Shape__Length":2220.3796284905056,"globalid":"{26E31633-0AFB-44C2-B4F1-C36D37A1B989}"},"geometry":{"type":"LineString","coordinates":[[-74.124691618321037,4.684826827267026,0.0],[-74.1252258858717,4.685230234717676,0.0],[-74.126929721500048,4.686515674130684,0.0],[-74.128052489204833,4.687354603120492,0.0],[-74.129545694966794,4.688491599903318,0.0],[-74.130881924046761,4.689463048255056,0.0],[-74.132133394284139,4.690441954830392,0.0],[-74.132858831171859,4.691009393687636,0.0],[-74.133983004083419,4.691818099826012,0.0],[-74.135402040731591,4.692880122567517,0.0],[-74.135885089540039,4.693238725548825,0.0],[-74.136648072111583,4.693805142576027,0.0],[-74.138524022384004,4.695116917867869,0.0],[-74.1398981609195,4.696151983123727,0.0],[-74.140728886780053,4.696827668791771,0.0],[-74.140731142952532,4.696829504332564,0.0]]}},
{"type":"Feature","properties":{"objectid":141,"id_trazado":"TZ006","long_traz":2.70267696,"ori_traz":"Portal 80","fin_traz":"Limite del Distrito","nom_traz":"Calle 80 Extension","le_troncal":"D","nom_tronc":"Calle 80","fase_tronc":"FASE I","eta_oper":1,"esta_oper":1,"tipo_tra":2,"Shape__Length":2702.6769638066035,"globalid":"{FCDB9496-2EBD-44F0-8D4C-91D9F060E42F}"},"geometry":{"type":"LineString","coordinates":[[-74.110531475000784,4.708344036807476,0.0],[-74.111865525349614,4.70969009632276,0.0],[-74.112561936281026,4.710375714288153,0.0],[-74.113263799253303,4.71106669741614,0.0],[-74.113958192013726,4.711750323657434,0.0],[-74.114169356417989,4.711958213871196,0.0],[-74.114297169625743,4.712136028437501,0.0],[-74.114673303722739,4.712659306147102,0.0],[-74.115693059448503,4.714077986174576,0.0],[-74.117694591215212,4.716862487774423,0.0],[-74.118719933635248,4.718288919010342,0.0],[-74.119485420172154,4.719360758200509,0.0],[-74.120766290926952,4.721154234665823,0.0],[-74.121567661562381,4.722202165611226,0.0],[-74.12298142914392,4.723942494884328,0.0],[-74.124912690054757,4.726319832594159,0.0],[-74.125757050972709,4.727359215202555,0.0]]}},
{"type":"Feature","properties":{"objectid":142,"id_trazado":"TZ013","long_traz":2.52892475,"ori_traz":"Molinos","fin_traz":"Portal De Usme","nom_traz":"Caracas Sur Extension","le_troncal":"H","nom_tronc":"Caracas Sur","fase_tronc":"FASE I","eta_oper":1,"esta_oper":1,"tipo_tra":1,"Shape__Length":3334.7479643364973,"globalid":"{41B4A9B9-5CBA-4BF9-84F1-4FB188346A03}"},"geometry":{"type":"LineString","coordinates":[[-74.119830327351593,4.526963151640737,0.0],[-74.11984708292313,4.527047192957025,0.0],[-74.119868091165117,4.527152564950549,0.0],[-74.119842529038237,4.527269658658005,0.0],[-74.119787852889061,4.527353715004076,0.0],[-74.119657856633609,4.527498790617946,0.0],[-74.11949372313191,4.527681963265405,0.0],[-74.11928031407065,4.527988133381307,0.0],[-74.119180750171978,4.528154538981138,0.0],[-74.119109460772094,4.528297119728834,0.0],[-74.119086302264236,4.529070416872294,0.0],[-74.119061004920397,4.530104083803596,0.0],[-74.119041481909619,4.53123357404543,0.0],[-74.119060267672836,4.532169347453007,0.0],[-74.119068993537255,4.532381062793251,0.0],[-74.119202991425979,4.532734060701904,0.0],[-74.11939198994105,4.533025058441291,0.0],[-74.119565989028715,4.533198056879478,0.0],[-74.120006360901371,4.533530085611357,0.0],[-74.12014225686093,4.533600377951578,0.0],[-74.120326575787459,4.533818345242753,0.0],[-74.120479639226502,4.533999352381077,0.0],[-74.120675718438193,4.534271507994969,0.0],[-74.120733348229649,4.534464996668534,0.0],[-74.120745359376045,4.534619277985199,0.0],[-74.120728916378155,4.534780737628236,0.0],[-74.120644104950273,4.535113555001917,0.0],[-74.120460266676304,4.535503824708932,0.0],[-74.120340781639712,4.535742018660046,0.0],[-74.120275415466651,4.535911408392591,0.0],[-74.120229828683122,4.536078458396513,0.0],[-74.1201981922069,4.536216603938442,0.0],[-74.12018584383263,4.5363335910451,0.0],[-74.12018024431238,4.536472332796128,0.0],[-74.120198700909285,4.536608257999688,0.0],[-74.120422943464035,4.537354209289902,0.0],[-74.12045062096756,4.53745406362644,0.0],[-74.120468048734026,4.537562411873701,0.0],[-74.120470055829642,4.537689440514979,0.0],[-74.120572639544974,4.539592139254167,0.0],[-74.120611736931366,4.540418209045109,0.0],[-74.120687444803551,4.541493071924194,0.0],[-74.120721377845669,4.542072838057666,0.0],[-74.120795882034386,4.543024546277763,0.0],[-74.120850910377243,4.54364492919989,0.0],[-74.120851588586916,4.543654328580425,0.0],[-74.120890602815592,4.544195118506927,0.0],[-74.120945337449697,4.544858662430435,0.0],[-74.121045649089467,4.546024779596301,0.0],[-74.121073286038381,4.546597594568773,0.0],[-74.121095172210076,4.547353705810057,0.0],[-74.121115064126556,4.547943334198692,0.0],[-74.121129845427632,4.548407817847091,0.0],[-74.121142932609089,4.548976967577851,0.0],[-74.121176903169001,4.54956837838727,0.0],[-74.121217505788181,4.550213530239314,0.0],[-74.121387936856195,4.553324212145076,0.0],[-74.121413480098383,4.554639157953289,0.0],[-74.121402781971213,4.554761841182402,0.0],[-74.121384652741398,4.554865012525761,0.0],[-74.121360091978786,4.555011567721722,0.0],[-74.121344115547529,4.555114431466081,0.0],[-74.121348370736484,4.555263153443107,0.0],[-74.121366895821382,4.555401920787598,0.0],[-74.121486367464072,4.556023872097914,0.0]]}},
{"type":"Feature","properties":{"objectid":143,"id_trazado":"TZ005","long_traz":7.3802452,"ori_traz":"Autopista Norte","fin_traz":"Portal 80","nom_traz":"Calle 80","le_troncal":"D","nom_tronc":"Calle 80","fase_tronc":"FASE I","eta_oper":1,"esta_oper":1,"tipo_tra":1,"Shape__Length":7382.8619416971887,"globalid":"{8BB3FE95-F039-41BC-9644-863143724FB4}"},"geometry":{"type":"LineString","coordinates":[[-74.110531475000784,4.708344036807476,0.0],[-74.110070125694321,4.707912719842643,0.0],[-74.110052427194347,4.707896173640053,0.0],[-74.109100784298249,4.70700104012346,0.0],[-74.108980192493661,4.706911381621796,0.0],[-74.108825680381699,4.706792270403795,0.0],[-74.108739323238638,4.706725245152247,0.0],[-74.108667259064021,4.70666931330299,0.0],[-74.10847618184296,4.706552695011025,0.0],[-74.108115398489133,4.706325668116654,0.0],[-74.107636711243899,4.706062021662663,0.0],[-74.107119135729079,4.705805371354749,0.0],[-74.106626550522648,4.705581859797147,0.0],[-74.105998832664255,4.705297727701257,0.0],[-74.1049702291225,4.70483609253499,0.0],[-74.104807309271465,4.704777414760569,0.0],[-74.104570265501181,4.704666460866564,0.0],[-74.104328478012064,4.704553286092641,0.0],[-74.104151236206249,4.704473144053435,0.0],[-74.103961121512825,4.704390031805101,0.0],[-74.102528538994434,4.703759090064798,0.0],[-74.102240400288096,4.703619402807223,0.0],[-74.101499927890359,4.703260426438936,0.0],[-74.101078417818542,4.70303452471119,0.0],[-74.100706205768304,4.702794627817831,0.0],[-74.100421245308908,4.702581519802065,0.0],[-74.100289645342812,4.702482850510757,0.0],[-74.100198087921555,4.702414202928992,0.0],[-74.099884970386213,4.702176704600938,0.0],[-74.099307367666341,4.701719774980811,0.0],[-74.098870389196193,4.701387420814561,0.0],[-74.097747761101147,4.700412314136884,0.0],[-74.097225312011773,4.700004004912471,0.0],[-74.096874386374793,4.69974925568618,0.0],[-74.096144746933192,4.699232842191404,0.0],[-74.096017732776033,4.699150963155722,0.0],[-74.095697007221176,4.69894420960181,0.0],[-74.095378957254241,4.698748015440104,0.0],[-74.094914949184144,4.69849228873652,0.0],[-74.093916944920409,4.69792166894614,0.0],[-74.093446175025065,4.697693464948713,0.0],[-74.092794529760084,4.697338596313403,0.0],[-74.092326767839396,4.697087109160018,0.0],[-74.09193284888886,4.696881601543901,0.0],[-74.091812387742621,4.696818757293065,0.0],[-74.091367505626437,4.696565421518322,0.0],[-74.091224193009083,4.69648340356409,0.0],[-74.091006183845465,4.696376336777879,0.0],[-74.090783680085636,4.696281208690435,0.0],[-74.090393603939134,4.69615056602352,0.0],[-74.089865942017937,4.695905884136703,0.0],[-74.08916295442549,4.695479671177536,0.0],[-74.08812077250775,4.694828589224084,0.0],[-74.087971207907174,4.694728797408896,0.0],[-74.087840880868484,4.694613152746311,0.0],[-74.087713471324136,4.69448941354965,0.0],[-74.087199826414206,4.694000200749264,0.0],[-74.08713193730172,4.69393267967488,0.0],[-74.086997200152027,4.693798671116446,0.0],[-74.086805185353484,4.693607295764047,0.0],[-74.086630040744964,4.693425690288101,0.0],[-74.08617714995232,4.69288171369968,0.0],[-74.085831643991199,4.692450396121185,0.0],[-74.085531717457272,4.692051628435037,0.0],[-74.085061417202226,4.691461405854563,0.0],[-74.084817591166171,4.691151783090038,0.0],[-74.084601270289099,4.690885926692645,0.0],[-74.084557108052863,4.690831651433812,0.0],[-74.084213020894026,4.690393474733912,0.0],[-74.083817273753212,4.689971652750875,0.0],[-74.083341187574661,4.689317782868809,0.0],[-74.082714660395609,4.688487807786661,0.0],[-74.082012907591803,4.6876327859689,0.0],[-74.081263401012151,4.686678626111741,0.0],[-74.08100598407853,4.686410423006404,0.0],[-74.08076896014731,4.686100882846748,0.0],[-74.080258804553893,4.685434648138387,0.0],[-74.080034086747489,4.685104297715791,0.0],[-74.079525840755096,4.68447924376926,0.0],[-74.079141608332662,4.683975819617405,0.0],[-74.079097468580045,4.683920249031607,0.0],[-74.078452390680539,4.683108115668646,0.0],[-74.078061774935108,4.682599267771207,0.0],[-74.077559519857019,4.681977472379165,0.0],[-74.077421421362317,4.681804753883138,0.0],[-74.07722768556863,4.681562448762728,0.0],[-74.076563686455557,4.680755176969213,0.0],[-74.075821274307913,4.679795968670396,0.0],[-74.075678380013258,4.679598709573991,0.0],[-74.075522279903765,4.679420810762201,0.0],[-74.075286050043061,4.679184524047309,0.0],[-74.075096189275996,4.679003864175004,0.0],[-74.074959276045064,4.67889461682658,0.0],[-74.074826206855803,4.678795823278476,0.0],[-74.074508256633024,4.678577601361419,0.0],[-74.074060673415431,4.678252308479152,0.0],[-74.073778859104962,4.678090933985938,0.0],[-74.073502648386011,4.677912818841143,0.0],[-74.07325476094951,4.677755746127176,0.0],[-74.073161055228127,4.677696369521901,0.0],[-74.072719417910889,4.677405771438731,0.0],[-74.072586679948159,4.677327689758919,0.0],[-74.071811512087123,4.676806854294008,0.0],[-74.071111386827667,4.676331064099661,0.0],[-74.070932023809902,4.676212062593878,0.0],[-74.07054391232279,4.675954562247385,0.0],[-74.070459815594546,4.675913286929392,0.0],[-74.070163815594796,4.675768004819395,0.0],[-74.069881872710681,4.675585548397452,0.0],[-74.069802151050268,4.675535012017993,0.0],[-74.069340573559558,4.675242414855936,0.0],[-74.068993813038148,4.675035463198604,0.0],[-74.068408336962307,4.674620828287571,0.0],[-74.068403570961905,4.674617806024473,0.0],[-74.068219855558084,4.674501317742893,0.0],[-74.06805558938045,4.674372725497425,0.0],[-74.067908259788794,4.674219791251392,0.0],[-74.0675256287021,4.673824818026309,0.0],[-74.067495835151234,4.673791651158227,0.0],[-74.06720907743707,4.67347242948208,0.0],[-74.067052257773824,4.673308786988439,0.0],[-74.066829323867267,4.673031241191469,0.0],[-74.066606648228586,4.67279110750146,0.0],[-74.066470672849093,4.672637711926527,0.0],[-74.066120275490988,4.672291082797027,0.0],[-74.065630883913002,4.671749908012021,0.0],[-74.064611710221769,4.670505704292448,0.0],[-74.06433866057165,4.670162650409122,0.0],[-74.063459376382994,4.669057933672693,0.0],[-74.063375520186753,4.668903889232771,0.0],[-74.063364080584591,4.668882825830422,0.0],[-74.063336338718713,4.668851946725822,0.0],[-74.063232821405947,4.668723596010403,0.0],[-74.062699753955627,4.66808555315782,0.0],[-74.062041637003091,4.667323350903728,0.0],[-74.061665230944129,4.666885737279522,0.0],[-74.061554146801413,4.666728390366022,0.0],[-74.061414985665238,4.666543430610012,0.0],[-74.061217782262588,4.666229315116823,0.0],[-74.061149475505687,4.666088611133329,0.0],[-74.061102320582435,4.665964593049111,0.0],[-74.061067399088316,4.665865989053651,0.0],[-74.061048027112136,4.665780737548558,0.0],[-74.061033928360303,4.665703254183832,0.0],[-74.061031751778785,4.665625312613751,0.0],[-74.061017154963778,4.66557184859754,0.0]]}},
{"type":"Feature","properties":{"objectid":144,"id_trazado":"TZ016","long_traz":12.25248872,"ori_traz":"Carrera 3","fin_traz":"Portal ElDorado","nom_traz":"Calle 26","le_troncal":"K","nom_tronc":"Calle 26","fase_tronc":"FASE III","eta_oper":1,"esta_oper":1,"tipo_tra":1,"Shape__Length":12227.844465988306,"globalid":"{A0CCF5D5-3573-4036-AEFD-5D94709CE45F}"},"geometry":{"type":"MultiLineString","coordinates":[[[-74.072302508748521,4.613475107589837,0.0],[-74.072281858945018,4.613508808385796,0.0],[-74.072258925304567,4.613563484651389,0.0],[-74.072231108702411,4.613641208142834,0.0],[-74.072171760964807,4.613756737914799,0.0],[-74.072086287907055,4.613864663133546,0.0],[-74.072049337683936,4.613911297249437,0.0],[-74.072015493362557,4.61391695616481,0.0],[-74.071974916044653,4.61392374089294,0.0],[-74.071811944009767,4.613883159565058,0.0]],[[-74.072552808775868,4.613870508390633,0.0],[-74.072488809208977,4.613826808030099,0.0],[-74.072430109494732,4.613812307894644,0.0],[-74.072334210116708,4.613820707344383,0.0],[-74.072288910277166,4.613849008320848,0.0],[-74.072230710290512,4.613895407168889,0.0],[-74.072194310018943,4.613914907453509,0.0],[-74.072102845973959,4.613981129436251,0.0],[-74.07205766946376,4.614024903154958,0.0],[-74.071957541104695,4.614206062942724,0.0]],[[-74.073448607906684,4.61433486496675,0.0],[-74.073544710238536,4.614304108094261,0.0],[-74.073685409681943,4.614197208488964,0.0],[-74.073739310310899,4.614071807107103,0.0],[-74.073753408562467,4.613972558177045,0.0],[-74.073783165001373,4.613785118234909,0.0],[-74.073826040703509,4.613543599673206,0.0],[-74.073854806694683,4.61335121494957,0.0]],[[-74.073448607906684,4.61433486496675,0.0],[-74.073369894277249,4.614256510511354,0.0],[-74.073090889197388,4.613978776021264,0.0],[-74.072561709425912,4.613445407357432,0.0],[-74.072467910330431,4.613397206936114,0.0],[-74.072424309558585,4.613391208332189,0.0],[-74.072386109658311,4.613401207021298,0.0],[-74.072331110024976,4.613434707717446,0.0],[-74.072302508748521,4.613475107589837,0.0]],[[-74.073448675497573,4.614334931886133,0.0],[-74.073448607906684,4.61433486496675,0.0]],[[-74.072302508748521,4.613475107589837,0.0],[-74.072297109773444,4.61357010810442,0.0],[-74.072318609731866,4.613618207644769,0.0],[-74.07236420995433,4.613674307796345,0.0],[-74.072468808838195,4.61378130839912,0.0],[-74.072589958488848,4.613903107241556,0.0],[-74.072860720089892,4.614154019115157,0.0],[-74.072992351915289,4.614277031541286,0.0],[-74.073048858829438,4.614321857675744,0.0],[-74.073138408862732,4.614367607311048,0.0],[-74.073190208913616,4.614383206987661,0.0],[-74.07325360862886,4.614382208107179,0.0],[-74.073307836690574,4.614375887298345,0.0],[-74.073308829833422,4.614375580742889,0.0],[-74.073390409034644,4.614350407019553,0.0],[-74.073448675497573,4.614334931886133,0.0]],[[-74.073448675497573,4.614334931886133,0.0],[-74.073509910140785,4.614395508390325,0.0],[-74.073542109264636,4.614477707700626,0.0],[-74.073541408562733,4.614559907730486,0.0],[-74.073473709365814,4.614677908138519,0.0],[-74.073394806487116,4.614747987242747,0.0],[-74.073226908795363,4.61489710798681,0.0],[-74.073124310033208,4.614986607893402,0.0],[-74.072946371953833,4.615105463942331,0.0]],[[-74.124691618321037,4.684826827267026,0.0],[-74.124691589477536,4.684826801948327,0.0],[-74.12460828475264,4.684763909285006,0.0],[-74.124418282791723,4.684610141667875,0.0],[-74.124394439366654,4.684592412488327,0.0],[-74.123167901231952,4.683680382652535,0.0],[-74.122860692434742,4.683428638592584,0.0],[-74.122666708844193,4.683268508028848,0.0],[-74.122497541780945,4.683107372031273,0.0],[-74.122155538589283,4.682655736073474,0.0],[-74.121398016988806,4.681622028944145,0.0],[-74.121005790143357,4.681081883609742,0.0],[-74.120206243295527,4.679912453636158,0.0],[-74.119930765799879,4.679438634287368,0.0],[-74.119636894810384,4.678947022747484,0.0],[-74.119617024666255,4.678914955344022,0.0],[-74.11893264064642,4.677810458900916,0.0],[-74.118521228691478,4.677152728645122,0.0],[-74.117663743756822,4.67582947871793,0.0],[-74.117147100725333,4.675024658729783,0.0],[-74.117008892404954,4.674809359619704,0.0],[-74.116477378323722,4.674014988325615,0.0],[-74.115428632878348,4.672375376289573,0.0],[-74.114444605126167,4.670827746386179,0.0],[-74.113425567446598,4.669241085002866,0.0],[-74.113280030376359,4.669008681376298,0.0],[-74.112649229637071,4.668001375262039,0.0],[-74.112272490936931,4.667399771603657,0.0],[-74.111644323385747,4.666343975328024,0.0],[-74.111381005376927,4.665889229966294,0.0],[-74.110862725525564,4.665100085809096,0.0],[-74.110423214031144,4.66446200332473,0.0],[-74.110052652521816,4.663930708145127,0.0],[-74.109679884969793,4.663393473355611,0.0],[-74.109470463024977,4.663037366812839,0.0],[-74.109254445763568,4.662681799469043,0.0],[-74.108771998701272,4.661944439127925,0.0],[-74.108770753052227,4.661942535612166,0.0],[-74.108729849437552,4.661880019812393,0.0],[-74.108016863985924,4.660739100271179,0.0],[-74.107939332077706,4.660620844380441,0.0],[-74.107820633560721,4.660439796821257,0.0],[-74.107552859128134,4.660032491084537,0.0],[-74.106525588168864,4.658408189208522,0.0],[-74.105816101286266,4.657334184227549,0.0],[-74.105646659789016,4.6570670471491,0.0],[-74.10529397787856,4.656511020241089,0.0],[-74.104572240387682,4.655394161891754,0.0],[-74.103714245857049,4.654025132067416,0.0],[-74.103464485021689,4.653633931562966,0.0],[-74.103058994920318,4.65299880906031,0.0],[-74.102276927926567,4.651839536460693,0.0],[-74.10214965096894,4.651646042170026,0.0],[-74.102076201603708,4.651543399258843,0.0],[-74.101945042339082,4.651356537271608,0.0],[-74.101672228820661,4.650903856492334,0.0],[-74.10164881898541,4.650864820054418,0.0],[-74.101530805442238,4.650668028213988,0.0],[-74.101402247936434,4.650439804713436,0.0],[-74.101300275260925,4.650298601109112,0.0],[-74.100597283119981,4.649181453832303,0.0],[-74.099697503019442,4.647828342342408,0.0],[-74.099508524311133,4.647596546540051,0.0],[-74.099317137585729,4.647306830621223,0.0],[-74.099046451348769,4.646876393808474,0.0],[-74.098823457756126,4.646521795387688,0.0],[-74.098197645062044,4.645433172390835,0.0],[-74.097258355124666,4.643980071926861,0.0],[-74.096537709293131,4.642830024755338,0.0],[-74.096353538583827,4.642536113597931,0.0],[-74.095547422781962,4.641312686496434,0.0],[-74.094544597825305,4.639757754901729,0.0],[-74.093868228368024,4.638655880881307,0.0],[-74.093430796848693,4.637963267147171,0.0],[-74.093132858038103,4.637504444956544,0.0],[-74.093132263195514,4.637503527999294,0.0],[-74.09283413099655,4.637044407257325,0.0],[-74.092684522165868,4.636820681456874,0.0],[-74.092399476027097,4.636376489495119,0.0],[-74.09217190524636,4.636061469687561,0.0],[-74.092127368992209,4.635999818363697,0.0],[-74.091803433017205,4.635598099686725,0.0],[-74.091651952900023,4.635418038309436,0.0],[-74.091445067313813,4.635247472345761,0.0],[-74.091195866280373,4.635057026786998,0.0],[-74.090943755383165,4.634872716938691,0.0],[-74.090662797210015,4.63471365678069,0.0],[-74.090288363568789,4.634524831933112,0.0],[-74.089700848044146,4.63430649029258,0.0],[-74.089065545144791,4.634070389196727,0.0],[-74.088202702964196,4.633737138249782,0.0],[-74.087105437901897,4.63332947920517,0.0],[-74.085845596821031,4.632936874438426,0.0],[-74.085081217910428,4.632597183425053,0.0],[-74.084777796555855,4.632420175116319,0.0],[-74.084523061584008,4.632189636454414,0.0],[-74.08427632044571,4.631925181466591,0.0],[-74.084045748395539,4.631636812660687,0.0],[-74.083918841438091,4.631444567408654,0.0],[-74.083527234990655,4.630875429616791,0.0],[-74.083113731401312,4.630253960239611,0.0],[-74.082945445560696,4.629943872647496,0.0],[-74.082852533370286,4.629809552528804,0.0],[-74.082747738288759,4.629658054206809,0.0],[-74.081863143029906,4.628270989233179,0.0],[-74.081269344500043,4.6273459527729,0.0],[-74.081104462757693,4.627125742297815,0.0],[-74.081090088888701,4.627105124094107,0.0],[-74.080843498171404,4.626751404293117,0.0],[-74.080648633518877,4.6265123127519,0.0],[-74.08028965895312,4.625987365683597,0.0],[-74.080270454500635,4.625959281494799,0.0],[-74.079953464531428,4.625492345595914,0.0],[-74.079475006066019,4.62470818334073,0.0],[-74.079152448433248,4.624221869517394,0.0],[-74.078722807933431,4.623611982611164,0.0],[-74.078146837431845,4.622800574510459,0.0],[-74.077650490742258,4.622186339965578,0.0],[-74.077478440252747,4.621940153199644,0.0],[-74.077333192329831,4.621767008462043,0.0],[-74.077118450087724,4.621501613134207,0.0],[-74.076725544056828,4.621020675149903,0.0],[-74.076416966963592,4.620597134570809,0.0],[-74.076320592910591,4.620464994750269,0.0],[-74.07628337422463,4.620413963538367,0.0],[-74.07597020690234,4.619952684965734,0.0],[-74.075836554952161,4.619754870344706,0.0],[-74.075802655630625,4.619667783347761,0.0],[-74.0755636493856,4.619317003374422,0.0],[-74.075174750972678,4.618733574471904,0.0],[-74.075002575960241,4.61849820715744,0.0],[-74.074821771929848,4.618244910000707,0.0],[-74.074442720397442,4.617696299388704,0.0],[-74.073881634219759,4.61687549106219,0.0],[-74.073236501905768,4.616010980960366,0.0],[-74.072791293823798,4.615404298722205,0.0],[-74.072782487198808,4.615392297556659,0.0],[-74.072755068785014,4.615354933969403,0.0],[-74.072373614735682,4.614846329802995,0.0],[-74.072005203130615,4.61428678751299,0.0],[-74.071957541104695,4.614206062942724,0.0],[-74.071845540703961,4.613965088575582,0.0],[-74.071811944009767,4.613883159565058,0.0],[-74.07137119899123,4.61280835817944,0.0],[-74.071057118450227,4.612400731902254,0.0],[-74.070768972224556,4.612117927742196,0.0],[-74.070744624350269,4.612094032003341,0.0],[-74.070543151928973,4.611879817828006,0.0],[-74.069982994248321,4.611380817050333,0.0],[-74.06997675701075,4.611375260898837,0.0],[-74.068584457448097,4.610154315790184,0.0],[-74.067391478950626,4.609429675554901,0.0],[-74.066564001990685,4.608941699886544,0.0],[-74.066415460894788,4.608828698519772,0.0],[-74.066342733763079,4.608738400135995,0.0],[-74.066310469705357,4.608670964265412,0.0],[-74.066268863370439,4.608568072930749,0.0],[-74.066320374728392,4.608163236388819,0.0],[-74.066390481105813,4.6078459699753,0.0],[-74.066449144668425,4.607535881793555,0.0],[-74.06641387680223,4.607185828838493,0.0],[-74.066390077714189,4.606779121885574,0.0],[-74.066390717666252,4.606656955825763,0.0],[-74.06639913863323,4.606535191401193,0.0],[-74.066422722421834,4.606412198254186,0.0],[-74.066456407755098,4.606293947469333,0.0],[-74.066535877936474,4.606119449252772,0.0],[-74.066657145949563,4.605890541991418,0.0],[-74.066746463677021,4.605705257278812,0.0],[-74.066839551808997,4.605532993783322,0.0],[-74.066937962735736,4.605339072107385,0.0],[-74.066975100622301,4.605270430938139,0.0],[-74.067079042067462,4.60508371125517,0.0],[-74.067155761809559,4.604949080374,0.0],[-74.067256852718259,4.604757598520266,0.0],[-74.067315846267306,4.604646225337709,0.0],[-74.067451368508429,4.604390375998528,0.0],[-74.067684124873807,4.603958063454662,0.0],[-74.067833250284863,4.603652822568825,0.0],[-74.067902737283518,4.603472764345535,0.0],[-74.067931075618191,4.603405279617253,0.0],[-74.068056975842438,4.60310544343302,0.0]]]}},
{"type":"Feature","properties":{"objectid":164,"id_trazado":"TZ003","long_traz":11.48905023,"ori_traz":"Avenida Calle 80","fin_traz":"Portal Suba","nom_traz":"Suba","le_troncal":"C","nom_tronc":"Suba","fase_tronc":"FASE II","eta_oper":1,"esta_oper":1,"tipo_tra":1,"Shape__Length":11457.703840915348,"globalid":"{528237A6-7CF6-447C-99CA-1015A7934F83}"},"geometry":{"type":"MultiLineString","coordinates":[[[-74.068794009087682,4.673771507833192,0.0],[-74.068760128875297,4.673459260303894,0.0],[-74.068782009243719,4.673118706780382,0.0],[-74.068981809282079,4.672899507403681,0.0],[-74.069684260065571,4.672189648241825,0.0],[-74.07031869751809,4.671452358157602,0.0],[-74.070399368859412,4.671219937036589,0.0],[-74.070200497724997,4.671297852085136,0.0],[-74.069455279506698,4.672159201174996,0.0],[-74.068950816911951,4.67264933712049,0.0],[-74.068760378263391,4.672899405201302,0.0],[-74.068709847897281,4.673074245516952,0.0],[-74.068698509131295,4.673115906898954,0.0],[-74.068721155288642,4.673453037264905,0.0],[-74.068633858973669,4.673730657273943,0.0]],[[-74.069015808823579,4.674311107314294,0.0],[-74.069059609076604,4.674226006925795,0.0],[-74.069058905711628,4.674105266270698,0.0],[-74.069034009301873,4.674030307783287,0.0],[-74.068997608742109,4.673960107630072,0.0],[-74.068906509202122,4.673852906995898,0.0],[-74.068849610349844,4.673800907613544,0.0],[-74.068794009087682,4.673771507833192,0.0],[-74.068738408731463,4.673742107144118,0.0],[-74.068713458337058,4.673735757676765,0.0],[-74.068688508844417,4.673729407304219,0.0],[-74.068633858973669,4.673730657273943,0.0],[-74.068579209102737,4.673731908143721,0.0],[-74.068515165413032,4.673776372206904,0.0],[-74.068455309764587,4.673840807986331,0.0],[-74.068422009148293,4.673884806718044,0.0],[-74.068397308955156,4.673975807028999,0.0],[-74.068398408725756,4.674030608178764,0.0],[-74.06840508937924,4.674079336060625,0.0],[-74.068488417322868,4.674233660209625,0.0],[-74.068626220086799,4.674337944189127,0.0]],[[-74.069015808823579,4.674311107314294,0.0],[-74.069561977916067,4.674634350889748,0.0],[-74.070035570534785,4.674899939941761,0.0],[-74.070316603845612,4.675075897930214,0.0],[-74.070448236492808,4.67520941056631,0.0],[-74.070516913896398,4.675331435112881,0.0],[-74.070551252061918,4.675447718757796,0.0],[-74.070575573531059,4.675627169198684,0.0],[-74.070538789205543,4.675787942336212,0.0],[-74.070472016558384,4.67589996296143,0.0],[-74.070459815594546,4.675913286929392,0.0],[-74.070444262677299,4.675930271506652,0.0],[-74.070442997245337,4.675931639713588,0.0]],[[-74.069015808823579,4.674311107314294,0.0],[-74.068985308667877,4.674344306846185,0.0],[-74.068948509397501,4.674375408302549,0.0],[-74.068896609061682,4.674398008161133,0.0],[-74.068854009329456,4.674407307551706,0.0],[-74.068798308616621,4.674399007112148,0.0],[-74.068706009175372,4.674384406791821,0.0],[-74.068626220086799,4.674337944189127,0.0],[-74.068541292581273,4.674445593878197,0.0],[-74.068410235268416,4.674606696673123,0.0],[-74.068403570961905,4.674617806024473,0.0],[-74.068352730606463,4.674702562641388,0.0],[-74.068249441915711,4.674874756214517,0.0],[-74.06804725896437,4.675161540688344,0.0],[-74.067589188374825,4.675773683808658,0.0],[-74.067369500621922,4.676075814860288,0.0],[-74.067176737814421,4.676389657040512,0.0],[-74.067158354549306,4.676419587591773,0.0],[-74.066918764388618,4.676815244560379,0.0],[-74.066752463996821,4.677138916855675,0.0],[-74.066365306111877,4.677799443469262,0.0],[-74.065629705670858,4.6790431646832,0.0],[-74.065047651602441,4.679992694403494,0.0],[-74.064816624771879,4.680351057056148,0.0],[-74.064781387433882,4.680405715564633,0.0],[-74.064543294780961,4.68077770954714,0.0],[-74.064302474930443,4.681128731563219,0.0],[-74.064170764750358,4.681285302024166,0.0],[-74.064018410981589,4.681447463404091,0.0],[-74.063882995665594,4.681591594967949,0.0],[-74.063734217363134,4.681793101027663,0.0],[-74.063562061981216,4.682080776379414,0.0],[-74.06339397900274,4.682345693025208,0.0],[-74.063253230758932,4.68255984409114,0.0],[-74.063163297581156,4.682702975365425,0.0],[-74.062965925887468,4.683037757304123,0.0],[-74.062913535231459,4.683151313900535,0.0],[-74.06288377966797,4.683233494159989,0.0],[-74.06286411886596,4.683351400257128,0.0],[-74.062835299346517,4.683495888321441,0.0],[-74.062836390693647,4.683675267058011,0.0],[-74.062848531087567,4.68377065652807,0.0],[-74.062900510414934,4.683979987038548,0.0],[-74.062950615188441,4.68409581106171,0.0],[-74.062995900182571,4.684236597523417,0.0],[-74.063070539329161,4.684401543200149,0.0],[-74.063218270931145,4.684694637263692,0.0],[-74.063364323724741,4.6849776247041,0.0],[-74.063444609844169,4.685136510678425,0.0],[-74.063634953042822,4.685420104835752,0.0],[-74.063796675746971,4.685684540595661,0.0],[-74.063991195565279,4.686032278264914,0.0],[-74.064170571911617,4.686373683617869,0.0],[-74.064290012965415,4.68663143560726,0.0],[-74.064442842532216,4.686968338733456,0.0],[-74.064592743107369,4.687298785004343,0.0],[-74.064665049564695,4.687458017032275,0.0],[-74.064753792415274,4.687663016420847,0.0],[-74.064868320579137,4.687936272587742,0.0],[-74.06498210292429,4.688238920564877,0.0],[-74.06510764521289,4.68861891697291,0.0],[-74.065167745020545,4.688803215261672,0.0],[-74.0651973063284,4.688900895599777,0.0],[-74.065213410627464,4.688971747571363,0.0],[-74.065226906436081,4.689048168230001,0.0],[-74.065227942741117,4.689059825692561,0.0],[-74.065239255589972,4.689187073890917,0.0],[-74.065264007899202,4.689366629351734,0.0],[-74.065503061659172,4.69007540176364,0.0],[-74.065674204621928,4.690514514400115,0.0],[-74.065757331020905,4.69072793809,0.0],[-74.065860016735414,4.691005142989468,0.0],[-74.065953626957977,4.691186985654801,0.0],[-74.066006006820345,4.691299238360404,0.0],[-74.066108141212311,4.691514633710064,0.0],[-74.066644744134081,4.692413228498182,0.0],[-74.066780836440969,4.692657440067201,0.0],[-74.066974909101461,4.692998326700024,0.0],[-74.067153390602172,4.693302517103539,0.0],[-74.067208739958161,4.693400771058854,0.0],[-74.067248743894865,4.693471784294361,0.0],[-74.067432115283736,4.693775974694883,0.0],[-74.067627147426009,4.694063100001624,0.0],[-74.067757783173917,4.694288234902006,0.0],[-74.067920088104174,4.694553052179765,0.0],[-74.068402623349613,4.695406542411046,0.0],[-74.068716636064565,4.695979422324486,0.0],[-74.068778616682948,4.696092499658701,0.0],[-74.06886272124386,4.696270921696334,0.0],[-74.068957247913772,4.696516151456384,0.0],[-74.069054028300343,4.696807462985964,0.0],[-74.069358531756805,4.697739194718855,0.0],[-74.069502060656646,4.698176167316386,0.0],[-74.069571194244787,4.698391502961231,0.0],[-74.069696240675924,4.69876330992347,0.0],[-74.069828170082189,4.699187604810542,0.0],[-74.069843941781457,4.699241108397645,0.0],[-74.069956529377876,4.699623036188377,0.0],[-74.070084460078888,4.700032235351901,0.0],[-74.070184756619597,4.700406923977037,0.0],[-74.070301565471951,4.700791744627027,0.0],[-74.070503524990684,4.701413749947777,0.0],[-74.070539261682342,4.701600305524414,0.0],[-74.070584980558394,4.702065256171145,0.0],[-74.070643306611089,4.702783353609588,0.0],[-74.070772580221345,4.704333423584204,0.0],[-74.070904666025086,4.705270604835162,0.0],[-74.071008135937689,4.705796850875721,0.0],[-74.071059180686007,4.706141004882171,0.0],[-74.071149643629695,4.706573982215764,0.0],[-74.071174266135614,4.706689822528658,0.0],[-74.0712596667002,4.70709159301951,0.0],[-74.071402484462666,4.707571082970325,0.0],[-74.071472035400618,4.707852960092036,0.0],[-74.071582705982465,4.708380776855233,0.0],[-74.071744380439384,4.709160203324125,0.0],[-74.071871037240911,4.709840731592818,0.0],[-74.07191658603918,4.710109736533802,0.0],[-74.072088164285219,4.711005718346662,0.0],[-74.072089528858896,4.711012846114669,0.0],[-74.072189501885276,4.711488432522197,0.0],[-74.072307197844438,4.712001231323956,0.0],[-74.072309325842483,4.712010503211767,0.0],[-74.072406231937265,4.712480062337895,0.0],[-74.072533072113259,4.713025054524926,0.0],[-74.072603121956206,4.713382870771674,0.0],[-74.072702214538026,4.713802625987094,0.0],[-74.072849648087228,4.714364266550967,0.0],[-74.072967168666665,4.7148280480812,0.0],[-74.073222175914069,4.715918567505835,0.0],[-74.073525992144454,4.717131188568144,0.0],[-74.073858536120113,4.718558094437681,0.0],[-74.074001968989776,4.719062052470165,0.0],[-74.074087765664657,4.719280899957625,0.0],[-74.074241500717989,4.719522477537735,0.0],[-74.074608156938226,4.720140746401149,0.0],[-74.074652681422748,4.720261486170203,0.0],[-74.07468961711055,4.720463618144608,0.0],[-74.074701367634987,4.720788712386098,0.0],[-74.074711633929098,4.721267158257204,0.0],[-74.074716475097048,4.721492803005215,0.0],[-74.074727911966008,4.721821372490808,0.0],[-74.074764183190439,4.722780156071754,0.0],[-74.074822251837858,4.723785634551334,0.0],[-74.074783980774626,4.725034093816837,0.0],[-74.074760030097508,4.726124703448348,0.0],[-74.074736969720689,4.727030822500819,0.0],[-74.074723894728891,4.727445642904517,0.0],[-74.074723338548267,4.727455840781251,0.0],[-74.074705906740036,4.727775380581036,0.0],[-74.074674030172204,4.728862599841513,0.0],[-74.074673832660963,4.729777289037872,0.0],[-74.074774822665916,4.730633286333645,0.0],[-74.075000735399769,4.731908142194058,0.0],[-74.075030950659482,4.732011159224628,0.0],[-74.075070064117284,4.732145300746406,0.0],[-74.075200663952728,4.732472093568486,0.0],[-74.075309135847235,4.732632315535582,0.0],[-74.075465566985784,4.732759382996609,0.0],[-74.075601020765205,4.732839538500573,0.0],[-74.075740578576443,4.732891890145298,0.0],[-74.07585142879185,4.732917013894645,0.0],[-74.076434295906282,4.732931423377994,0.0],[-74.076738245419179,4.732942216694537,0.0],[-74.076857112447726,4.7329689635239,0.0],[-74.076930986786365,4.732985585668334,0.0],[-74.077043000715975,4.733026234381482,0.0],[-74.077214899765409,4.733105676093825,0.0],[-74.077293798342751,4.733164461545576,0.0],[-74.077518083206272,4.733331571300895,0.0],[-74.077553838709278,4.733364580336933,0.0],[-74.078033921616679,4.733758389835985,0.0],[-74.078386387979151,4.733970088798066,0.0],[-74.078548527386133,4.734052041451572,0.0],[-74.078878306393165,4.734174646904204,0.0],[-74.079405042268007,4.734358570977951,0.0],[-74.079582016641751,4.734441819220284,0.0],[-74.079743771512696,4.734554516243738,0.0],[-74.079894129563115,4.73468388779632,0.0],[-74.080246353908407,4.734976799862555,0.0],[-74.080586795676112,4.73523644865329,0.0],[-74.080986522775973,4.73550811160933,0.0],[-74.081336606984976,4.735754850083223,0.0],[-74.081558176746,4.735892628218966,0.0],[-74.081616459747011,4.735939210566848,0.0],[-74.081730950943623,4.736053873364147,0.0],[-74.081907268869926,4.73627096486062,0.0],[-74.082301523783016,4.736781388692255,0.0],[-74.082412922646554,4.736900026731023,0.0],[-74.082548795645465,4.737018667286364,0.0],[-74.08260171556563,4.737055982244947,0.0],[-74.082735876630807,4.737136357002096,0.0],[-74.082942983407435,4.737241610472418,0.0],[-74.083150958857885,4.737308211960698,0.0],[-74.083530498710289,4.737423272849508,0.0],[-74.083925614308953,4.737524530939332,0.0],[-74.085303972642976,4.737943382971937,0.0],[-74.085501149947078,4.738000457897721,0.0],[-74.085914706834899,4.738130320594169,0.0],[-74.086067000115335,4.738175166047728,0.0],[-74.086216813021295,4.73823523370708,0.0],[-74.086285771430482,4.738274928317097,0.0],[-74.086364462231273,4.738333038113519,0.0],[-74.086471432154426,4.73841118608462,0.0],[-74.086658079775844,4.738602186946924,0.0],[-74.086910471051695,4.738852115159491,0.0],[-74.086992283797358,4.738936786160154,0.0],[-74.087284415034674,4.739239123730862,0.0],[-74.08746339298014,4.739408717712319,0.0],[-74.087865565343435,4.739812111605763,0.0],[-74.088604198396496,4.740569265009533,0.0],[-74.08896176122154,4.740928049478246,0.0],[-74.089210483169481,4.741143268668263,0.0],[-74.089437152677647,4.741285530434643,0.0],[-74.089654487199738,4.741405224394336,0.0],[-74.089862844808394,4.741516478544594,0.0],[-74.090034111474807,4.741619991529314,0.0],[-74.090292647216557,4.741829347521112,0.0],[-74.090818074554932,4.742320902816771,0.0],[-74.091177752278469,4.742634818864116,0.0],[-74.091200455743589,4.742654327941696,0.0],[-74.091518173686666,4.742927347337842,0.0],[-74.091744729065397,4.743123128865878,0.0],[-74.092379624101781,4.743658692418114,0.0],[-74.093579215245342,4.744560755506001,0.0],[-74.093613390024217,4.744743525164418,0.0],[-74.093628276791833,4.744916923934149,0.0],[-74.093666994781387,4.745185992431463,0.0],[-74.09390360346184,4.745331744006521,0.0],[-74.093969268438528,4.745370848308325,0.0],[-74.094031391999238,4.745414844086694,0.0],[-74.094111984272686,4.745468744293138,0.0],[-74.0942110455549,4.745544540939985,0.0],[-74.094236231945814,4.745615286097466,0.0],[-74.094275016948131,4.745773759581412,0.0],[-74.0944154230896,4.746296798438638,0.0],[-74.09476695649785,4.747792920854578,0.0],[-74.094820251597739,4.748068448364378,0.0],[-74.094843096134582,4.748311625043098,0.0],[-74.094664290404992,4.748419237548893,0.0],[-74.094452308853036,4.748409406638325,0.0],[-74.094340659918899,4.748175380995259,0.0],[-74.093755714106308,4.74575063981974,0.0],[-74.093713437558321,4.745566344797857,0.0],[-74.093692237341671,4.74542664338391,0.0],[-74.093666994781387,4.745185992431463,0.0]]]}},
{"type":"Feature","properties":{"objectid":167,"id_trazado":"TZ022A","long_traz":1.96825271,"ori_traz":"Portal Américas","fin_traz":"Tibanica","nom_traz":"Avenida Ciudad De Cali","le_troncal":"Z","nom_tronc":"Avenida Ciudad de Cali","fase_tronc":"FASE IV","eta_oper":1,"esta_oper":1,"tipo_tra":2,"Shape__Length":1968.2527134239249,"globalid":"{67AB2148-7F11-427E-AC66-379EC3357E72}"},"geometry":{"type":"LineString","coordinates":[[-74.187961445557519,4.618153903872072,0.0],[-74.187679982592542,4.618310079305239,0.0],[-74.187393753242887,4.618438892787416,0.0],[-74.18720546386885,4.618502767055269,0.0],[-74.186944531468001,4.618554175737571,0.0],[-74.186557330400333,4.618614719188134,0.0],[-74.186486143779419,4.618625849514882,0.0],[-74.185906013866997,4.618704664860491,0.0],[-74.185677302139766,4.618734947113119,0.0],[-74.18564478703415,4.61874116377085,0.0],[-74.185293876191537,4.618808266284262,0.0],[-74.184791767009415,4.618914561662858,0.0],[-74.184353965877463,4.619007242576595,0.0],[-74.183711100015813,4.619113341358423,0.0],[-74.183364385735729,4.61925918591059,0.0],[-74.182922395230349,4.619668680398623,0.0],[-74.182547152911766,4.620369685028789,0.0],[-74.182483825152261,4.620487989788618,0.0],[-74.182209796690969,4.621146261494678,0.0],[-74.181857447168284,4.62164071367821,0.0],[-74.181402917200046,4.622048901459927,0.0],[-74.180537400099482,4.622845550475856,0.0],[-74.179664984206568,4.623580928899799,0.0],[-74.178681260257534,4.624423744150309,0.0],[-74.178271397491784,4.624803582541936,0.0],[-74.177626147635138,4.62540156251342,0.0],[-74.177284598437382,4.625663072696923,0.0],[-74.176981923218989,4.625851167257924,0.0],[-74.176405294439121,4.626109883144225,0.0],[-74.175875228781905,4.626346547757252,0.0],[-74.175473523535032,4.626493137703346,0.0],[-74.175165983875928,4.626631137068352,0.0],[-74.174550946676092,4.626861718281956,0.0],[-74.173550293866484,4.627220973089718,0.0]]}},
{"type":"Feature","properties":{"objectid":168,"id_trazado":"TZ022","long_traz":2.85,"ori_traz":"Portal Américas","fin_traz":"Tibanica","nom_traz":"Avenida Ciudad De Cali","le_troncal":"Z","nom_tronc":"Avenida Ciudad de Cali","fase_tronc":"FASE IV","eta_oper":1,"esta_oper":1,"tipo_tra":1,"Shape__Length":2850.1908577016857,"globalid":"{B03472C5-B240-4F9D-98BF-84928744B259}"},"geometry":{"type":"LineString","coordinates":[[-74.208309580362013,4.605744486037049,0.0],[-74.206119602427862,4.606724602641496,0.0],[-74.205216414760514,4.607143957739214,0.0],[-74.204843775601205,4.607348484254467,0.0],[-74.204669222210001,4.607481882039617,0.0],[-74.204505593671428,4.607684102051009,0.0],[-74.204328562778542,4.607960235373531,0.0],[-74.204093364598435,4.608345342784563,0.0],[-74.203887048391181,4.608691445769381,0.0],[-74.203538611869604,4.609213690742554,0.0],[-74.203228359136432,4.609695308154755,0.0],[-74.203029719030923,4.610028269936333,0.0],[-74.202777592274686,4.610419707365879,0.0],[-74.202494916385348,4.610875120879513,0.0],[-74.202287780641768,4.611176144678422,0.0],[-74.201742684964643,4.611994884640394,0.0],[-74.201210409069418,4.612768843313879,0.0],[-74.201088552409502,4.612961318597006,0.0],[-74.20084173973234,4.61322677520056,0.0],[-74.200592119028812,4.61338952535277,0.0],[-74.200332829270053,4.61347991521784,0.0],[-74.200048779602739,4.613528884692682,0.0],[-74.199823804398378,4.613519547619712,0.0],[-74.199517003624393,4.613484589200612,0.0],[-74.19865596918261,4.613322821091255,0.0],[-74.197909065290958,4.613148091921984,0.0],[-74.197529623994669,4.61309015018914,0.0],[-74.197181414304339,4.613096829414747,0.0],[-74.196753358672197,4.613161564944856,0.0],[-74.196369204294271,4.613148147929352,0.0],[-74.195970690155576,4.613130288423982,0.0],[-74.195655662112415,4.613114690046899,0.0],[-74.195427223602636,4.61311024536707,0.0],[-74.195204089368517,4.613137017379795,0.0],[-74.195067422676829,4.613184067700359,0.0],[-74.194951353088427,4.61323590471195,0.0],[-74.194769145774956,4.613340603154192,0.0],[-74.194564717875608,4.61351560528077,0.0],[-74.194207054610814,4.613894748630935,0.0],[-74.193860644859882,4.614270947340738,0.0],[-74.193642773025445,4.614462468614583,0.0],[-74.193276633976893,4.614842910580215,0.0],[-74.193068029927403,4.615073512591163,0.0],[-74.192948483959555,4.615198282359446,0.0],[-74.192751681869041,4.615377592674661,0.0],[-74.192606618816271,4.615491583551816,0.0],[-74.192464384012922,4.615601701691347,0.0],[-74.19228307916724,4.615725864614833,0.0],[-74.192106785158543,4.615828391094157,0.0],[-74.191868593410746,4.615929071868144,0.0],[-74.191739142422577,4.615984402060658,0.0],[-74.191552889908479,4.616042330398729,0.0],[-74.191323675227139,4.616104628872099,0.0],[-74.191092836242888,4.61615957730965,0.0],[-74.190781200567159,4.616232817372986,0.0],[-74.190483282885054,4.616287231022318,0.0],[-74.190209859802749,4.616378790571406,0.0],[-74.189903556394938,4.616520489208746,0.0],[-74.189382065806555,4.616883336068668,0.0],[-74.188974768871105,4.617320266405098,0.0],[-74.188599981962781,4.617716209950858,0.0],[-74.188263517979763,4.617971819373223,0.0],[-74.187961445557519,4.618153903872072,0.0]]}}
]
}
